-- phpMyAdmin SQL Dump
-- version 5.2.1
-- https://www.phpmyadmin.net/
--
-- Host: 127.0.0.1
-- Generation Time: Oct 30, 2023 at 05:09 PM
-- Server version: 10.4.28-MariaDB
-- PHP Version: 8.0.28

SET SQL_MODE = "NO_AUTO_VALUE_ON_ZERO";
START TRANSACTION;
SET time_zone = "+00:00";


/*!40101 SET @OLD_CHARACTER_SET_CLIENT=@@CHARACTER_SET_CLIENT */;
/*!40101 SET @OLD_CHARACTER_SET_RESULTS=@@CHARACTER_SET_RESULTS */;
/*!40101 SET @OLD_COLLATION_CONNECTION=@@COLLATION_CONNECTION */;
/*!40101 SET NAMES utf8mb4 */;

--
-- Database: `app_healchat`
--

-- --------------------------------------------------------

--
-- Table structure for table `appointment_table`
--

CREATE TABLE `appointment_table` (
  `id` int(255) NOT NULL,
  `text_status` varchar(255) NOT NULL,
  `psychologist_appointment_id` int(255) DEFAULT NULL
) ENGINE=InnoDB DEFAULT CHARSET=utf8mb4 COLLATE=utf8mb4_general_ci;

--
-- Dumping data for table `appointment_table`
--

INSERT INTO `appointment_table` (`id`, `text_status`, `psychologist_appointment_id`) VALUES
(17, 'Done', 64),
(18, 'Done', 56),
(19, 'Done', 68);

-- --------------------------------------------------------

--
-- Table structure for table `app_users`
--

CREATE TABLE `app_users` (
  `UserID` int(11) NOT NULL,
  `UserName` varchar(255) NOT NULL,
  `Password` varchar(255) NOT NULL,
  `FirstName` varchar(255) NOT NULL,
  `LastName` varchar(255) NOT NULL,
  `CreateTime` timestamp NOT NULL DEFAULT current_timestamp() ON UPDATE current_timestamp(),
  `Email` varchar(255) NOT NULL,
  `BirthDay` date DEFAULT NULL,
  `Address` varchar(255) DEFAULT NULL,
  `Tel` varchar(100) DEFAULT NULL,
  `Status` varchar(100) DEFAULT NULL
) ENGINE=InnoDB DEFAULT CHARSET=utf8mb4 COLLATE=utf8mb4_general_ci;

--
-- Dumping data for table `app_users`
--

INSERT INTO `app_users` (`UserID`, `UserName`, `Password`, `FirstName`, `LastName`, `CreateTime`, `Email`, `BirthDay`, `Address`, `Tel`, `Status`) VALUES
(1, 'Dummy_01', '1234', 'Micky', 'Oracle', '2023-10-02 10:26:57', 'Dummy1@example.com', NULL, NULL, NULL, NULL),
(2, 'PsychologistDUMMY1', '1234', 'Ozzy', 'Krimson', '2023-10-02 10:34:29', 'Psychologist1@example.com', NULL, NULL, NULL, NULL),
(3, 'ADMINdummy1', '1234', 'Simson', 'Boyd', '2023-10-02 10:37:10', 'admin1', NULL, NULL, NULL, NULL),
(4, 'BoyKosit', '$2b$10$2bd1376VXcEK8BH0zoT8MuXK6f.5PwOJch01I.Sqe6MriiwJf.ir.', 'Boy', 'BoyKosit', '2023-10-02 10:53:23', 'Yang@gg.com', NULL, NULL, NULL, NULL),
(33, 'KobeJeb', '1234', 'Kobe', 'Jeb', '2023-10-02 12:53:37', 'Kobekeb@example.com', NULL, NULL, NULL, NULL),
(34, 'john_doe', '$2b$10$1kdKie3lOBeaHhd9VzbHfuBrdCQjf6YJPAyWEuQAZoJDMHW0liaGS', 'John', 'Doe', '2023-10-02 12:55:43', 'john@example.com', NULL, NULL, NULL, NULL),
(35, 'Popy', '$2b$10$5w/RHg2sAVoCXrf4/PZ0CeSgYN3nlkGrPeKXqR27K4PsvZgC1eXqK', 'Poop', 'Pysay', '2023-10-02 12:57:22', 'Pop@example.com', NULL, NULL, NULL, NULL),
(36, 'AC_DC', '$2b$10$JcGslmz.SNs6W6hziG31x.FpFET3w7qSmYUDoOJ9YgRkhv/V/LB/u', 'AC', 'DC', '2023-10-29 12:44:22', 'AC_DC@gmail.com', NULL, NULL, NULL, 'None'),
(40, 'Dummy2', '$2b$10$m7amJyN28dPcnrSLPgXatugNuit3pAtYW10vDbNTIFFOsm.tzyCKe', 'Toy', 'Simton', '2023-10-17 18:37:16', 'admin2@gmail.com', '2000-02-14', 'Grand-Line', '123-587-8774', NULL),
(42, 'Jais', '$2b$10$Q5H2.Xno2Qyr9gRicuA5Au6JdhE/zVP0gtT4WxS39OiY9pBRCtZ9O', 'Pet', 'Homes', '2023-10-17 19:31:51', 'Jai@gmail.com', NULL, 'KPS Hospital', '123-456-7894', NULL),
(43, 'JohnDoe', '$2b$10$MTIrnufCw71z/qUvWiLjfO1ShN8tGPMzKm7wjHUVD0aJOYXh643DW', 'Oez', 'Velim', '2023-10-17 19:48:45', 'Velim@gmail.com', '2000-01-12', NULL, '123-874-8847', NULL),
(44, 'Dummy05_edit1', '$2b$10$4zg9KX18kkLzh7kBGoXScudUl1PjCU44M9AxsSrtnQVavwOagW27a', 'Dum_edit', 'mimie', '2023-10-25 01:04:55', 'Dummy05@gmail.com', NULL, 'Unisoi', '123-547-8877', 'None'),
(45, 'A', '$2b$10$97dSsGghOBeyXxg94iqcSe2WtOt687croc0XWpdXKyVWeIMkZY69O', 'ABD', 'EDFD', '2023-10-21 23:37:20', 'Col@gmail.com', NULL, 'PopHospital', '7897748874', NULL),
(46, 'soso', '$2b$10$hM/enz.GfAoQ2BbPLwTy2uuxHDVz4/ShRGEfsSSwWPBjV/tmpxZSi', 'soso', 'soso', '2023-10-30 14:50:36', 'soso', '2021-11-05', NULL, NULL, NULL);

-- --------------------------------------------------------

--
-- Table structure for table `app_user_groups`
--

CREATE TABLE `app_user_groups` (
  `UserGroupID` int(11) NOT NULL,
  `UserGroupName` varchar(255) NOT NULL,
  `Description` varchar(2000) DEFAULT NULL
) ENGINE=InnoDB DEFAULT CHARSET=utf8mb4 COLLATE=utf8mb4_general_ci;

--
-- Dumping data for table `app_user_groups`
--

INSERT INTO `app_user_groups` (`UserGroupID`, `UserGroupName`, `Description`) VALUES
(1, 'Admin', NULL),
(2, 'Psychologist', NULL),
(3, 'Patient', NULL);

-- --------------------------------------------------------

--
-- Table structure for table `app_user_roles`
--

CREATE TABLE `app_user_roles` (
  `UserGroupID` int(11) NOT NULL,
  `UserID` int(11) NOT NULL
) ENGINE=InnoDB DEFAULT CHARSET=utf8mb4 COLLATE=utf8mb4_general_ci;

--
-- Dumping data for table `app_user_roles`
--

INSERT INTO `app_user_roles` (`UserGroupID`, `UserID`) VALUES
(1, 4),
(3, 36),
(2, 35),
(1, 40),
(2, 42),
(3, 43),
(2, 44),
(2, 45),
(3, 46);

-- --------------------------------------------------------

--
-- Table structure for table `payment_table`
--

CREATE TABLE `payment_table` (
  `id` int(255) NOT NULL,
  `psychologist_appointments_id` int(255) DEFAULT NULL,
  `patient_id` int(255) NOT NULL,
  `slip` varchar(255) NOT NULL,
  `postingdate` timestamp NOT NULL DEFAULT current_timestamp() ON UPDATE current_timestamp()
) ENGINE=InnoDB DEFAULT CHARSET=utf8mb4 COLLATE=utf8mb4_general_ci;

--
-- Dumping data for table `payment_table`
--

INSERT INTO `payment_table` (`id`, `psychologist_appointments_id`, `patient_id`, `slip`, `postingdate`) VALUES
(23, 2, 36, 'img_1697730113561-827690204.jpg', '2023-10-19 15:41:53'),
(24, 3, 36, 'img_1698003731183-690478201.png', '2023-10-22 19:42:11'),
(25, 1, 36, 'img_1698066728026-783226413.png', '2023-10-23 13:12:08'),
(26, 1, 36, 'img_1698068127231-387790822.png', '2023-10-23 13:35:27'),
(27, 1, 36, 'img_1698068612712-277962491.png', '2023-10-23 13:43:32'),
(28, 2, 36, 'img_1698068916663-668412343.png', '2023-10-23 13:48:36'),
(29, 1, 36, 'img_1698069964441-906048786.png', '2023-10-23 14:06:04'),
(30, 1, 36, 'img_1698070607032-417021560.png', '2023-10-23 14:16:47'),
(31, 1, 36, 'img_1698072005556-741609193.png', '2023-10-23 14:40:05'),
(32, 55, 36, 'img_1698187684140-399872419.png', '2023-10-24 22:48:04'),
(33, 60, 36, 'img_1698189222343-12946226.png', '2023-10-24 23:13:42'),
(34, 64, 36, 'img_1698189679474-776172357.png', '2023-10-24 23:21:19'),
(35, 56, 36, 'img_1698193887551-953262753.png', '2023-10-25 00:31:27'),
(36, 68, 36, 'img_1698583234002-477436047.png', '2023-10-29 12:40:34');

-- --------------------------------------------------------

--
-- Table structure for table `psychologist_appointment`
--

CREATE TABLE `psychologist_appointment` (
  `id` int(255) NOT NULL,
  `psychologist_id` int(255) NOT NULL,
  `slot_date` date NOT NULL,
  `slot_time` time NOT NULL,
  `status` tinyint(4) NOT NULL,
  `user_id` int(255) DEFAULT NULL,
  `PaymentID` int(11) DEFAULT NULL
) ENGINE=InnoDB DEFAULT CHARSET=utf8mb4 COLLATE=utf8mb4_general_ci;

--
-- Dumping data for table `psychologist_appointment`
--

INSERT INTO `psychologist_appointment` (`id`, `psychologist_id`, `slot_date`, `slot_time`, `status`, `user_id`, `PaymentID`) VALUES
(1, 35, '2023-10-02', '08:00:00', 0, NULL, NULL),
(2, 35, '2023-10-02', '12:00:00', 0, NULL, NULL),
(3, 35, '2023-10-02', '15:00:00', 0, NULL, NULL),
(4, 35, '2023-10-02', '17:00:00', 0, NULL, NULL),
(5, 35, '2023-10-03', '08:00:00', 0, NULL, NULL),
(6, 35, '2023-10-03', '12:00:00', 0, NULL, NULL),
(7, 35, '2023-10-03', '15:00:00', 0, NULL, NULL),
(8, 35, '2023-10-03', '17:00:00', 0, NULL, NULL),
(9, 35, '2023-10-04', '08:00:00', 0, NULL, NULL),
(10, 35, '2023-10-04', '12:00:00', 0, NULL, NULL),
(11, 35, '2023-10-04', '15:00:00', 0, NULL, NULL),
(12, 35, '2023-10-04', '17:00:00', 0, NULL, NULL),
(13, 35, '2023-10-05', '08:00:00', 0, NULL, NULL),
(14, 35, '2023-10-05', '12:00:00', 0, NULL, NULL),
(15, 35, '2023-10-05', '15:00:00', 0, NULL, NULL),
(16, 35, '2023-10-05', '17:00:00', 0, NULL, NULL),
(17, 35, '2023-10-06', '08:00:00', 0, NULL, NULL),
(18, 35, '2023-10-06', '12:00:00', 0, NULL, NULL),
(19, 35, '2023-10-06', '15:00:00', 0, NULL, NULL),
(20, 35, '2023-10-06', '17:00:00', 0, NULL, NULL),
(21, 35, '2023-10-09', '08:00:00', 0, NULL, NULL),
(22, 35, '2023-10-09', '12:00:00', 0, NULL, NULL),
(23, 35, '2023-10-09', '15:00:00', 0, NULL, NULL),
(24, 35, '2023-10-09', '17:00:00', 0, NULL, NULL),
(27, 35, '2023-10-10', '08:00:00', 0, NULL, NULL),
(28, 44, '2023-10-21', '08:00:00', 0, NULL, NULL),
(29, 44, '2023-10-21', '12:00:00', 0, NULL, NULL),
(30, 44, '2023-10-21', '15:00:00', 0, NULL, NULL),
(31, 44, '2023-10-21', '17:00:00', 0, NULL, NULL),
(32, 44, '2023-10-22', '08:00:00', 0, NULL, NULL),
(33, 44, '2023-10-22', '12:00:00', 0, NULL, NULL),
(34, 44, '2023-10-22', '15:00:00', 0, NULL, NULL),
(35, 44, '2023-10-22', '17:00:00', 0, NULL, NULL),
(36, 44, '2023-10-23', '08:00:00', 0, NULL, NULL),
(37, 44, '2023-10-23', '12:00:00', 0, NULL, NULL),
(38, 44, '2023-10-23', '15:00:00', 0, NULL, NULL),
(39, 44, '2023-10-23', '17:00:00', 0, NULL, NULL),
(40, 44, '2023-10-24', '08:00:00', 0, NULL, NULL),
(41, 44, '2023-10-24', '12:00:00', 0, NULL, NULL),
(42, 44, '2023-10-24', '15:00:00', 0, NULL, NULL),
(43, 44, '2023-10-24', '17:00:00', 0, NULL, NULL),
(44, 44, '2023-10-25', '08:00:00', 0, NULL, NULL),
(45, 44, '2023-10-25', '12:00:00', 0, NULL, NULL),
(46, 44, '2023-10-25', '15:00:00', 0, NULL, NULL),
(47, 44, '2023-10-25', '17:00:00', 0, NULL, NULL),
(48, 44, '2023-10-26', '08:00:00', 0, NULL, NULL),
(49, 44, '2023-10-26', '12:00:00', 0, NULL, NULL),
(50, 44, '2023-10-26', '15:00:00', 0, NULL, NULL),
(51, 44, '2023-10-26', '17:00:00', 0, NULL, NULL),
(52, 44, '2023-10-27', '08:00:00', 0, NULL, NULL),
(53, 44, '2023-10-27', '12:00:00', 0, NULL, NULL),
(54, 44, '2023-10-27', '15:00:00', 0, NULL, NULL),
(55, 44, '2023-10-27', '17:00:00', 0, NULL, NULL),
(56, 44, '2023-10-28', '08:00:00', 1, 36, 35),
(57, 44, '2023-10-28', '12:00:00', 0, NULL, NULL),
(58, 44, '2023-10-28', '15:00:00', 0, NULL, NULL),
(59, 44, '2023-10-28', '17:00:00', 0, NULL, NULL),
(60, 44, '2023-10-29', '08:00:00', 0, NULL, NULL),
(61, 44, '2023-10-29', '12:00:00', 0, NULL, NULL),
(62, 44, '2023-10-29', '15:00:00', 0, NULL, NULL),
(63, 44, '2023-10-29', '17:00:00', 0, NULL, NULL),
(64, 44, '2023-10-30', '08:00:00', 1, 36, 34),
(65, 44, '2023-10-30', '12:00:00', 0, NULL, NULL),
(66, 44, '2023-10-30', '15:00:00', 0, NULL, NULL),
(67, 44, '2023-10-30', '17:00:00', 0, NULL, NULL),
(68, 44, '2023-10-31', '08:00:00', 1, 36, 36),
(69, 44, '2023-10-31', '12:00:00', 0, NULL, NULL),
(70, 44, '2023-10-31', '15:00:00', 0, NULL, NULL),
(71, 44, '2023-10-31', '17:00:00', 0, NULL, NULL),
(72, 44, '2023-11-01', '08:00:00', 0, NULL, NULL),
(73, 44, '2023-11-01', '12:00:00', 0, NULL, NULL),
(74, 44, '2023-11-01', '15:00:00', 0, NULL, NULL),
(75, 44, '2023-11-01', '17:00:00', 0, NULL, NULL),
(76, 44, '2023-11-02', '08:00:00', 0, NULL, NULL),
(77, 44, '2023-11-02', '12:00:00', 0, NULL, NULL),
(78, 44, '2023-11-02', '15:00:00', 0, NULL, NULL),
(79, 44, '2023-11-02', '17:00:00', 0, NULL, NULL),
(80, 44, '2023-11-03', '08:00:00', 0, NULL, NULL),
(81, 44, '2023-11-03', '12:00:00', 0, NULL, NULL),
(82, 44, '2023-11-03', '15:00:00', 0, NULL, NULL),
(83, 44, '2023-11-03', '17:00:00', 0, NULL, NULL),
(84, 44, '2023-11-04', '08:00:00', 0, NULL, NULL),
(85, 44, '2023-11-04', '12:00:00', 0, NULL, NULL),
(86, 44, '2023-11-04', '15:00:00', 0, NULL, NULL),
(87, 44, '2023-11-04', '17:00:00', 0, NULL, NULL),
(88, 44, '2023-11-05', '08:00:00', 0, NULL, NULL),
(89, 44, '2023-11-05', '12:00:00', 0, NULL, NULL),
(90, 44, '2023-11-05', '15:00:00', 0, NULL, NULL),
(91, 44, '2023-11-05', '17:00:00', 0, NULL, NULL),
(92, 44, '2023-11-06', '08:00:00', 0, NULL, NULL),
(93, 44, '2023-11-06', '12:00:00', 0, NULL, NULL),
(94, 44, '2023-11-06', '15:00:00', 0, NULL, NULL),
(95, 44, '2023-11-06', '17:00:00', 0, NULL, NULL),
(96, 44, '2023-11-07', '08:00:00', 0, NULL, NULL),
(97, 44, '2023-11-07', '12:00:00', 0, NULL, NULL),
(98, 44, '2023-11-07', '15:00:00', 0, NULL, NULL),
(99, 44, '2023-11-07', '17:00:00', 0, NULL, NULL),
(100, 44, '2023-11-08', '08:00:00', 0, NULL, NULL),
(101, 44, '2023-11-08', '12:00:00', 0, NULL, NULL),
(102, 44, '2023-11-08', '15:00:00', 0, NULL, NULL),
(103, 44, '2023-11-08', '17:00:00', 0, NULL, NULL),
(104, 44, '2023-11-09', '08:00:00', 0, NULL, NULL),
(105, 44, '2023-11-09', '12:00:00', 0, NULL, NULL),
(106, 44, '2023-11-09', '15:00:00', 0, NULL, NULL),
(107, 44, '2023-11-09', '17:00:00', 0, NULL, NULL),
(108, 44, '2023-11-10', '08:00:00', 0, NULL, NULL),
(109, 44, '2023-11-10', '12:00:00', 0, NULL, NULL),
(110, 44, '2023-11-10', '15:00:00', 0, NULL, NULL),
(111, 44, '2023-11-10', '17:00:00', 0, NULL, NULL),
(112, 44, '2023-11-11', '08:00:00', 0, NULL, NULL),
(113, 44, '2023-11-11', '12:00:00', 0, NULL, NULL),
(114, 44, '2023-11-11', '15:00:00', 0, NULL, NULL),
(115, 44, '2023-11-11', '17:00:00', 0, NULL, NULL),
(116, 44, '2023-11-12', '08:00:00', 0, NULL, NULL),
(117, 44, '2023-11-12', '12:00:00', 0, NULL, NULL),
(118, 44, '2023-11-12', '15:00:00', 0, NULL, NULL),
(119, 44, '2023-11-12', '17:00:00', 0, NULL, NULL),
(120, 44, '2023-11-13', '08:00:00', 0, NULL, NULL),
(121, 44, '2023-11-13', '12:00:00', 0, NULL, NULL),
(122, 44, '2023-11-13', '15:00:00', 0, NULL, NULL),
(123, 44, '2023-11-13', '17:00:00', 0, NULL, NULL),
(124, 44, '2023-11-14', '08:00:00', 0, NULL, NULL),
(125, 44, '2023-11-14', '12:00:00', 0, NULL, NULL),
(126, 44, '2023-11-14', '15:00:00', 0, NULL, NULL),
(127, 44, '2023-11-14', '17:00:00', 0, NULL, NULL),
(128, 44, '2023-11-15', '08:00:00', 0, NULL, NULL),
(129, 44, '2023-11-15', '12:00:00', 0, NULL, NULL),
(130, 44, '2023-11-15', '15:00:00', 0, NULL, NULL),
(131, 44, '2023-11-15', '17:00:00', 0, NULL, NULL),
(132, 44, '2023-11-16', '08:00:00', 0, NULL, NULL),
(133, 44, '2023-11-16', '12:00:00', 0, NULL, NULL),
(134, 44, '2023-11-16', '15:00:00', 0, NULL, NULL),
(135, 44, '2023-11-16', '17:00:00', 0, NULL, NULL),
(136, 44, '2023-11-17', '08:00:00', 0, NULL, NULL),
(137, 44, '2023-11-17', '12:00:00', 0, NULL, NULL),
(138, 44, '2023-11-17', '15:00:00', 0, NULL, NULL),
(139, 44, '2023-11-17', '17:00:00', 0, NULL, NULL),
(140, 44, '2023-11-18', '08:00:00', 0, NULL, NULL),
(141, 44, '2023-11-18', '12:00:00', 0, NULL, NULL),
(142, 44, '2023-11-18', '15:00:00', 0, NULL, NULL),
(143, 44, '2023-11-18', '17:00:00', 0, NULL, NULL),
(144, 44, '2023-11-19', '08:00:00', 0, NULL, NULL),
(145, 44, '2023-11-19', '12:00:00', 0, NULL, NULL),
(146, 44, '2023-11-19', '15:00:00', 0, NULL, NULL),
(147, 44, '2023-11-19', '17:00:00', 0, NULL, NULL),
(148, 44, '2023-11-20', '08:00:00', 0, NULL, NULL),
(149, 44, '2023-11-20', '12:00:00', 0, NULL, NULL),
(150, 44, '2023-11-20', '15:00:00', 0, NULL, NULL),
(151, 44, '2023-11-20', '17:00:00', 0, NULL, NULL),
(152, 44, '2023-11-21', '08:00:00', 0, NULL, NULL),
(153, 44, '2023-11-21', '12:00:00', 0, NULL, NULL),
(154, 44, '2023-11-21', '15:00:00', 0, NULL, NULL),
(155, 44, '2023-11-21', '17:00:00', 0, NULL, NULL),
(156, 44, '2023-11-22', '08:00:00', 0, NULL, NULL),
(157, 44, '2023-11-22', '12:00:00', 0, NULL, NULL),
(158, 44, '2023-11-22', '15:00:00', 0, NULL, NULL),
(159, 44, '2023-11-22', '17:00:00', 0, NULL, NULL),
(160, 44, '2023-11-23', '08:00:00', 0, NULL, NULL),
(161, 44, '2023-11-23', '12:00:00', 0, NULL, NULL),
(162, 44, '2023-11-23', '15:00:00', 0, NULL, NULL),
(163, 44, '2023-11-23', '17:00:00', 0, NULL, NULL),
(164, 44, '2023-11-24', '08:00:00', 0, NULL, NULL),
(165, 44, '2023-11-24', '12:00:00', 0, NULL, NULL),
(166, 44, '2023-11-24', '15:00:00', 0, NULL, NULL),
(167, 44, '2023-11-24', '17:00:00', 0, NULL, NULL),
(168, 44, '2023-11-25', '08:00:00', 0, NULL, NULL),
(169, 44, '2023-11-25', '12:00:00', 0, NULL, NULL),
(170, 44, '2023-11-25', '15:00:00', 0, NULL, NULL),
(171, 44, '2023-11-25', '17:00:00', 0, NULL, NULL),
(172, 44, '2023-11-26', '08:00:00', 0, NULL, NULL),
(173, 44, '2023-11-26', '12:00:00', 0, NULL, NULL),
(174, 44, '2023-11-26', '15:00:00', 0, NULL, NULL),
(175, 44, '2023-11-26', '17:00:00', 0, NULL, NULL),
(176, 44, '2023-11-27', '08:00:00', 0, NULL, NULL),
(177, 44, '2023-11-27', '12:00:00', 0, NULL, NULL),
(178, 44, '2023-11-27', '15:00:00', 0, NULL, NULL),
(179, 44, '2023-11-27', '17:00:00', 0, NULL, NULL),
(180, 44, '2023-11-28', '08:00:00', 0, NULL, NULL),
(181, 44, '2023-11-28', '12:00:00', 0, NULL, NULL),
(182, 44, '2023-11-28', '15:00:00', 0, NULL, NULL),
(183, 44, '2023-11-28', '17:00:00', 0, NULL, NULL),
(184, 44, '2023-11-29', '08:00:00', 0, NULL, NULL),
(185, 44, '2023-11-29', '12:00:00', 0, NULL, NULL),
(186, 44, '2023-11-29', '15:00:00', 0, NULL, NULL),
(187, 44, '2023-11-29', '17:00:00', 0, NULL, NULL),
(188, 44, '2023-11-30', '08:00:00', 0, NULL, NULL),
(189, 44, '2023-11-30', '12:00:00', 0, NULL, NULL),
(190, 44, '2023-11-30', '15:00:00', 0, NULL, NULL),
(191, 44, '2023-11-30', '17:00:00', 0, NULL, NULL),
(192, 44, '2023-12-01', '08:00:00', 0, NULL, NULL),
(193, 44, '2023-12-01', '12:00:00', 0, NULL, NULL),
(194, 44, '2023-12-01', '15:00:00', 0, NULL, NULL),
(195, 44, '2023-12-01', '17:00:00', 0, NULL, NULL),
(196, 44, '2023-12-02', '08:00:00', 0, NULL, NULL),
(197, 44, '2023-12-02', '12:00:00', 0, NULL, NULL),
(198, 44, '2023-12-02', '15:00:00', 0, NULL, NULL),
(199, 44, '2023-12-02', '17:00:00', 0, NULL, NULL),
(200, 44, '2023-12-03', '08:00:00', 0, NULL, NULL),
(201, 44, '2023-12-03', '12:00:00', 0, NULL, NULL),
(202, 44, '2023-12-03', '15:00:00', 0, NULL, NULL),
(203, 44, '2023-12-03', '17:00:00', 0, NULL, NULL),
(204, 44, '2023-12-04', '08:00:00', 0, NULL, NULL),
(205, 44, '2023-12-04', '12:00:00', 0, NULL, NULL),
(206, 44, '2023-12-04', '15:00:00', 0, NULL, NULL),
(207, 44, '2023-12-04', '17:00:00', 0, NULL, NULL),
(208, 44, '2023-12-05', '08:00:00', 0, NULL, NULL),
(209, 44, '2023-12-05', '12:00:00', 0, NULL, NULL),
(210, 44, '2023-12-05', '15:00:00', 0, NULL, NULL),
(211, 44, '2023-12-05', '17:00:00', 0, NULL, NULL),
(212, 44, '2023-12-06', '08:00:00', 0, NULL, NULL),
(213, 44, '2023-12-06', '12:00:00', 0, NULL, NULL),
(214, 44, '2023-12-06', '15:00:00', 0, NULL, NULL),
(215, 44, '2023-12-06', '17:00:00', 0, NULL, NULL),
(216, 44, '2023-12-07', '08:00:00', 0, NULL, NULL),
(217, 44, '2023-12-07', '12:00:00', 0, NULL, NULL),
(218, 44, '2023-12-07', '15:00:00', 0, NULL, NULL),
(219, 44, '2023-12-07', '17:00:00', 0, NULL, NULL),
(220, 44, '2023-12-08', '08:00:00', 0, NULL, NULL),
(221, 44, '2023-12-08', '12:00:00', 0, NULL, NULL),
(222, 44, '2023-12-08', '15:00:00', 0, NULL, NULL),
(223, 44, '2023-12-08', '17:00:00', 0, NULL, NULL),
(224, 44, '2023-12-09', '08:00:00', 0, NULL, NULL),
(225, 44, '2023-12-09', '12:00:00', 0, NULL, NULL),
(226, 44, '2023-12-09', '15:00:00', 0, NULL, NULL),
(227, 44, '2023-12-09', '17:00:00', 0, NULL, NULL),
(228, 44, '2023-12-10', '08:00:00', 0, NULL, NULL),
(229, 44, '2023-12-10', '12:00:00', 0, NULL, NULL),
(230, 44, '2023-12-10', '15:00:00', 0, NULL, NULL),
(231, 44, '2023-12-10', '17:00:00', 0, NULL, NULL),
(232, 44, '2023-12-11', '08:00:00', 0, NULL, NULL),
(233, 44, '2023-12-11', '12:00:00', 0, NULL, NULL),
(234, 44, '2023-12-11', '15:00:00', 0, NULL, NULL),
(235, 44, '2023-12-11', '17:00:00', 0, NULL, NULL),
(236, 44, '2023-12-12', '08:00:00', 0, NULL, NULL),
(237, 44, '2023-12-12', '12:00:00', 0, NULL, NULL),
(238, 44, '2023-12-12', '15:00:00', 0, NULL, NULL),
(239, 44, '2023-12-12', '17:00:00', 0, NULL, NULL),
(240, 44, '2023-12-13', '08:00:00', 0, NULL, NULL),
(241, 44, '2023-12-13', '12:00:00', 0, NULL, NULL),
(242, 44, '2023-12-13', '15:00:00', 0, NULL, NULL),
(243, 44, '2023-12-13', '17:00:00', 0, NULL, NULL),
(244, 44, '2023-12-14', '08:00:00', 0, NULL, NULL),
(245, 44, '2023-12-14', '12:00:00', 0, NULL, NULL),
(246, 44, '2023-12-14', '15:00:00', 0, NULL, NULL),
(247, 44, '2023-12-14', '17:00:00', 0, NULL, NULL),
(248, 44, '2023-12-15', '08:00:00', 0, NULL, NULL),
(249, 44, '2023-12-15', '12:00:00', 0, NULL, NULL),
(250, 44, '2023-12-15', '15:00:00', 0, NULL, NULL),
(251, 44, '2023-12-15', '17:00:00', 0, NULL, NULL),
(252, 44, '2023-12-16', '08:00:00', 0, NULL, NULL),
(253, 44, '2023-12-16', '12:00:00', 0, NULL, NULL),
(254, 44, '2023-12-16', '15:00:00', 0, NULL, NULL),
(255, 44, '2023-12-16', '17:00:00', 0, NULL, NULL),
(256, 44, '2023-12-17', '08:00:00', 0, NULL, NULL),
(257, 44, '2023-12-17', '12:00:00', 0, NULL, NULL),
(258, 44, '2023-12-17', '15:00:00', 0, NULL, NULL),
(259, 44, '2023-12-17', '17:00:00', 0, NULL, NULL),
(260, 44, '2023-12-18', '08:00:00', 0, NULL, NULL),
(261, 44, '2023-12-18', '12:00:00', 0, NULL, NULL),
(262, 44, '2023-12-18', '15:00:00', 0, NULL, NULL),
(263, 44, '2023-12-18', '17:00:00', 0, NULL, NULL),
(264, 44, '2023-12-19', '08:00:00', 0, NULL, NULL),
(265, 44, '2023-12-19', '12:00:00', 0, NULL, NULL),
(266, 44, '2023-12-19', '15:00:00', 0, NULL, NULL),
(267, 44, '2023-12-19', '17:00:00', 0, NULL, NULL),
(268, 44, '2023-12-20', '08:00:00', 0, NULL, NULL),
(269, 44, '2023-12-20', '12:00:00', 0, NULL, NULL),
(270, 44, '2023-12-20', '15:00:00', 0, NULL, NULL),
(271, 44, '2023-12-20', '17:00:00', 0, NULL, NULL),
(272, 44, '2023-12-21', '08:00:00', 0, NULL, NULL),
(273, 44, '2023-12-21', '12:00:00', 0, NULL, NULL),
(274, 44, '2023-12-21', '15:00:00', 0, NULL, NULL),
(275, 44, '2023-12-21', '17:00:00', 0, NULL, NULL),
(276, 44, '2023-12-22', '08:00:00', 0, NULL, NULL),
(277, 44, '2023-12-22', '12:00:00', 0, NULL, NULL),
(278, 44, '2023-12-22', '15:00:00', 0, NULL, NULL),
(279, 44, '2023-12-22', '17:00:00', 0, NULL, NULL),
(280, 44, '2023-12-23', '08:00:00', 0, NULL, NULL),
(281, 44, '2023-12-23', '12:00:00', 0, NULL, NULL),
(282, 44, '2023-12-23', '15:00:00', 0, NULL, NULL),
(283, 44, '2023-12-23', '17:00:00', 0, NULL, NULL),
(284, 44, '2023-12-24', '08:00:00', 0, NULL, NULL),
(285, 44, '2023-12-24', '12:00:00', 0, NULL, NULL),
(286, 44, '2023-12-24', '15:00:00', 0, NULL, NULL),
(287, 44, '2023-12-24', '17:00:00', 0, NULL, NULL),
(288, 44, '2023-12-25', '08:00:00', 0, NULL, NULL),
(289, 44, '2023-12-25', '12:00:00', 0, NULL, NULL),
(290, 44, '2023-12-25', '15:00:00', 0, NULL, NULL),
(291, 44, '2023-12-25', '17:00:00', 0, NULL, NULL),
(292, 44, '2023-12-26', '08:00:00', 0, NULL, NULL),
(293, 44, '2023-12-26', '12:00:00', 0, NULL, NULL),
(294, 44, '2023-12-26', '15:00:00', 0, NULL, NULL),
(295, 44, '2023-12-26', '17:00:00', 0, NULL, NULL),
(296, 44, '2023-12-27', '08:00:00', 0, NULL, NULL),
(297, 44, '2023-12-27', '12:00:00', 0, NULL, NULL),
(298, 44, '2023-12-27', '15:00:00', 0, NULL, NULL),
(299, 44, '2023-12-27', '17:00:00', 0, NULL, NULL),
(300, 44, '2023-12-28', '08:00:00', 0, NULL, NULL),
(301, 44, '2023-12-28', '12:00:00', 0, NULL, NULL),
(302, 44, '2023-12-28', '15:00:00', 0, NULL, NULL),
(303, 44, '2023-12-28', '17:00:00', 0, NULL, NULL),
(304, 44, '2023-12-29', '08:00:00', 0, NULL, NULL),
(305, 44, '2023-12-29', '12:00:00', 0, NULL, NULL),
(306, 44, '2023-12-29', '15:00:00', 0, NULL, NULL),
(307, 44, '2023-12-29', '17:00:00', 0, NULL, NULL),
(308, 44, '2023-12-30', '08:00:00', 0, NULL, NULL),
(309, 44, '2023-12-30', '12:00:00', 0, NULL, NULL),
(310, 44, '2023-12-30', '15:00:00', 0, NULL, NULL),
(311, 44, '2023-12-30', '17:00:00', 0, NULL, NULL),
(312, 44, '2023-12-31', '08:00:00', 0, NULL, NULL),
(313, 44, '2023-12-31', '12:00:00', 0, NULL, NULL),
(314, 44, '2023-12-31', '15:00:00', 0, NULL, NULL),
(315, 44, '2023-12-31', '17:00:00', 0, NULL, NULL),
(316, 44, '2024-01-01', '08:00:00', 0, NULL, NULL),
(317, 44, '2024-01-01', '12:00:00', 0, NULL, NULL),
(318, 44, '2024-01-01', '15:00:00', 0, NULL, NULL),
(319, 44, '2024-01-01', '17:00:00', 0, NULL, NULL),
(320, 44, '2024-01-02', '08:00:00', 0, NULL, NULL),
(321, 44, '2024-01-02', '12:00:00', 0, NULL, NULL),
(322, 44, '2024-01-02', '15:00:00', 0, NULL, NULL),
(323, 44, '2024-01-02', '17:00:00', 0, NULL, NULL),
(324, 44, '2024-01-03', '08:00:00', 0, NULL, NULL),
(325, 44, '2024-01-03', '12:00:00', 0, NULL, NULL),
(326, 44, '2024-01-03', '15:00:00', 0, NULL, NULL),
(327, 44, '2024-01-03', '17:00:00', 0, NULL, NULL),
(328, 44, '2024-01-04', '08:00:00', 0, NULL, NULL),
(329, 44, '2024-01-04', '12:00:00', 0, NULL, NULL),
(330, 44, '2024-01-04', '15:00:00', 0, NULL, NULL),
(331, 44, '2024-01-04', '17:00:00', 0, NULL, NULL),
(332, 44, '2024-01-05', '08:00:00', 0, NULL, NULL),
(333, 44, '2024-01-05', '12:00:00', 0, NULL, NULL),
(334, 44, '2024-01-05', '15:00:00', 0, NULL, NULL),
(335, 44, '2024-01-05', '17:00:00', 0, NULL, NULL),
(336, 44, '2024-01-06', '08:00:00', 0, NULL, NULL),
(337, 44, '2024-01-06', '12:00:00', 0, NULL, NULL),
(338, 44, '2024-01-06', '15:00:00', 0, NULL, NULL),
(339, 44, '2024-01-06', '17:00:00', 0, NULL, NULL),
(340, 44, '2024-01-07', '08:00:00', 0, NULL, NULL),
(341, 44, '2024-01-07', '12:00:00', 0, NULL, NULL),
(342, 44, '2024-01-07', '15:00:00', 0, NULL, NULL),
(343, 44, '2024-01-07', '17:00:00', 0, NULL, NULL),
(344, 44, '2024-01-08', '08:00:00', 0, NULL, NULL),
(345, 44, '2024-01-08', '12:00:00', 0, NULL, NULL),
(346, 44, '2024-01-08', '15:00:00', 0, NULL, NULL),
(347, 44, '2024-01-08', '17:00:00', 0, NULL, NULL),
(348, 44, '2024-01-09', '08:00:00', 0, NULL, NULL),
(349, 44, '2024-01-09', '12:00:00', 0, NULL, NULL),
(350, 44, '2024-01-09', '15:00:00', 0, NULL, NULL),
(351, 44, '2024-01-09', '17:00:00', 0, NULL, NULL),
(352, 44, '2024-01-10', '08:00:00', 0, NULL, NULL),
(353, 44, '2024-01-10', '12:00:00', 0, NULL, NULL),
(354, 44, '2024-01-10', '15:00:00', 0, NULL, NULL),
(355, 44, '2024-01-10', '17:00:00', 0, NULL, NULL),
(356, 44, '2024-01-11', '08:00:00', 0, NULL, NULL),
(357, 44, '2024-01-11', '12:00:00', 0, NULL, NULL),
(358, 44, '2024-01-11', '15:00:00', 0, NULL, NULL),
(359, 44, '2024-01-11', '17:00:00', 0, NULL, NULL),
(360, 44, '2024-01-12', '08:00:00', 0, NULL, NULL),
(361, 44, '2024-01-12', '12:00:00', 0, NULL, NULL),
(362, 44, '2024-01-12', '15:00:00', 0, NULL, NULL),
(363, 44, '2024-01-12', '17:00:00', 0, NULL, NULL),
(364, 44, '2024-01-13', '08:00:00', 0, NULL, NULL),
(365, 44, '2024-01-13', '12:00:00', 0, NULL, NULL),
(366, 44, '2024-01-13', '15:00:00', 0, NULL, NULL),
(367, 44, '2024-01-13', '17:00:00', 0, NULL, NULL),
(368, 44, '2024-01-14', '08:00:00', 0, NULL, NULL),
(369, 44, '2024-01-14', '12:00:00', 0, NULL, NULL),
(370, 44, '2024-01-14', '15:00:00', 0, NULL, NULL),
(371, 44, '2024-01-14', '17:00:00', 0, NULL, NULL),
(372, 44, '2024-01-15', '08:00:00', 0, NULL, NULL),
(373, 44, '2024-01-15', '12:00:00', 0, NULL, NULL),
(374, 44, '2024-01-15', '15:00:00', 0, NULL, NULL),
(375, 44, '2024-01-15', '17:00:00', 0, NULL, NULL),
(376, 44, '2024-01-16', '08:00:00', 0, NULL, NULL),
(377, 44, '2024-01-16', '12:00:00', 0, NULL, NULL),
(378, 44, '2024-01-16', '15:00:00', 0, NULL, NULL),
(379, 44, '2024-01-16', '17:00:00', 0, NULL, NULL),
(380, 44, '2024-01-17', '08:00:00', 0, NULL, NULL),
(381, 44, '2024-01-17', '12:00:00', 0, NULL, NULL),
(382, 44, '2024-01-17', '15:00:00', 0, NULL, NULL),
(383, 44, '2024-01-17', '17:00:00', 0, NULL, NULL),
(384, 44, '2024-01-18', '08:00:00', 0, NULL, NULL),
(385, 44, '2024-01-18', '12:00:00', 0, NULL, NULL),
(386, 44, '2024-01-18', '15:00:00', 0, NULL, NULL),
(387, 44, '2024-01-18', '17:00:00', 0, NULL, NULL),
(388, 44, '2024-01-19', '08:00:00', 0, NULL, NULL),
(389, 44, '2024-01-19', '12:00:00', 0, NULL, NULL),
(390, 44, '2024-01-19', '15:00:00', 0, NULL, NULL),
(391, 44, '2024-01-19', '17:00:00', 0, NULL, NULL),
(392, 44, '2024-01-20', '08:00:00', 0, NULL, NULL),
(393, 44, '2024-01-20', '12:00:00', 0, NULL, NULL),
(394, 44, '2024-01-20', '15:00:00', 0, NULL, NULL),
(395, 44, '2024-01-20', '17:00:00', 0, NULL, NULL),
(396, 44, '2024-01-21', '08:00:00', 0, NULL, NULL),
(397, 44, '2024-01-21', '12:00:00', 0, NULL, NULL),
(398, 44, '2024-01-21', '15:00:00', 0, NULL, NULL),
(399, 44, '2024-01-21', '17:00:00', 0, NULL, NULL),
(400, 44, '2024-01-22', '08:00:00', 0, NULL, NULL),
(401, 44, '2024-01-22', '12:00:00', 0, NULL, NULL),
(402, 44, '2024-01-22', '15:00:00', 0, NULL, NULL),
(403, 44, '2024-01-22', '17:00:00', 0, NULL, NULL),
(404, 44, '2024-01-23', '08:00:00', 0, NULL, NULL),
(405, 44, '2024-01-23', '12:00:00', 0, NULL, NULL),
(406, 44, '2024-01-23', '15:00:00', 0, NULL, NULL),
(407, 44, '2024-01-23', '17:00:00', 0, NULL, NULL),
(408, 44, '2024-01-24', '08:00:00', 0, NULL, NULL),
(409, 44, '2024-01-24', '12:00:00', 0, NULL, NULL),
(410, 44, '2024-01-24', '15:00:00', 0, NULL, NULL),
(411, 44, '2024-01-24', '17:00:00', 0, NULL, NULL),
(412, 44, '2024-01-25', '08:00:00', 0, NULL, NULL),
(413, 44, '2024-01-25', '12:00:00', 0, NULL, NULL),
(414, 44, '2024-01-25', '15:00:00', 0, NULL, NULL),
(415, 44, '2024-01-25', '17:00:00', 0, NULL, NULL),
(416, 44, '2024-01-26', '08:00:00', 0, NULL, NULL),
(417, 44, '2024-01-26', '12:00:00', 0, NULL, NULL),
(418, 44, '2024-01-26', '15:00:00', 0, NULL, NULL),
(419, 44, '2024-01-26', '17:00:00', 0, NULL, NULL),
(420, 44, '2024-01-27', '08:00:00', 0, NULL, NULL),
(421, 44, '2024-01-27', '12:00:00', 0, NULL, NULL),
(422, 44, '2024-01-27', '15:00:00', 0, NULL, NULL),
(423, 44, '2024-01-27', '17:00:00', 0, NULL, NULL),
(424, 44, '2024-01-28', '08:00:00', 0, NULL, NULL),
(425, 44, '2024-01-28', '12:00:00', 0, NULL, NULL),
(426, 44, '2024-01-28', '15:00:00', 0, NULL, NULL),
(427, 44, '2024-01-28', '17:00:00', 0, NULL, NULL),
(428, 44, '2024-01-29', '08:00:00', 0, NULL, NULL),
(429, 44, '2024-01-29', '12:00:00', 0, NULL, NULL),
(430, 44, '2024-01-29', '15:00:00', 0, NULL, NULL),
(431, 44, '2024-01-29', '17:00:00', 0, NULL, NULL),
(432, 44, '2024-01-30', '08:00:00', 0, NULL, NULL),
(433, 44, '2024-01-30', '12:00:00', 0, NULL, NULL),
(434, 44, '2024-01-30', '15:00:00', 0, NULL, NULL),
(435, 44, '2024-01-30', '17:00:00', 0, NULL, NULL),
(436, 44, '2024-01-31', '08:00:00', 0, NULL, NULL),
(437, 44, '2024-01-31', '12:00:00', 0, NULL, NULL),
(438, 44, '2024-01-31', '15:00:00', 0, NULL, NULL),
(439, 44, '2024-01-31', '17:00:00', 0, NULL, NULL),
(440, 44, '2024-02-01', '08:00:00', 0, NULL, NULL),
(441, 44, '2024-02-01', '12:00:00', 0, NULL, NULL),
(442, 44, '2024-02-01', '15:00:00', 0, NULL, NULL),
(443, 44, '2024-02-01', '17:00:00', 0, NULL, NULL),
(444, 44, '2024-02-02', '08:00:00', 0, NULL, NULL),
(445, 44, '2024-02-02', '12:00:00', 0, NULL, NULL),
(446, 44, '2024-02-02', '15:00:00', 0, NULL, NULL),
(447, 44, '2024-02-02', '17:00:00', 0, NULL, NULL),
(448, 44, '2024-02-03', '08:00:00', 0, NULL, NULL),
(449, 44, '2024-02-03', '12:00:00', 0, NULL, NULL),
(450, 44, '2024-02-03', '15:00:00', 0, NULL, NULL),
(451, 44, '2024-02-03', '17:00:00', 0, NULL, NULL),
(452, 44, '2024-02-04', '08:00:00', 0, NULL, NULL),
(453, 44, '2024-02-04', '12:00:00', 0, NULL, NULL),
(454, 44, '2024-02-04', '15:00:00', 0, NULL, NULL),
(455, 44, '2024-02-04', '17:00:00', 0, NULL, NULL),
(456, 44, '2024-02-05', '08:00:00', 0, NULL, NULL),
(457, 44, '2024-02-05', '12:00:00', 0, NULL, NULL),
(458, 44, '2024-02-05', '15:00:00', 0, NULL, NULL),
(459, 44, '2024-02-05', '17:00:00', 0, NULL, NULL),
(460, 44, '2024-02-06', '08:00:00', 0, NULL, NULL),
(461, 44, '2024-02-06', '12:00:00', 0, NULL, NULL),
(462, 44, '2024-02-06', '15:00:00', 0, NULL, NULL),
(463, 44, '2024-02-06', '17:00:00', 0, NULL, NULL),
(464, 44, '2024-02-07', '08:00:00', 0, NULL, NULL),
(465, 44, '2024-02-07', '12:00:00', 0, NULL, NULL),
(466, 44, '2024-02-07', '15:00:00', 0, NULL, NULL),
(467, 44, '2024-02-07', '17:00:00', 0, NULL, NULL),
(468, 44, '2024-02-08', '08:00:00', 0, NULL, NULL),
(469, 44, '2024-02-08', '12:00:00', 0, NULL, NULL),
(470, 44, '2024-02-08', '15:00:00', 0, NULL, NULL),
(471, 44, '2024-02-08', '17:00:00', 0, NULL, NULL),
(472, 44, '2024-02-09', '08:00:00', 0, NULL, NULL),
(473, 44, '2024-02-09', '12:00:00', 0, NULL, NULL),
(474, 44, '2024-02-09', '15:00:00', 0, NULL, NULL),
(475, 44, '2024-02-09', '17:00:00', 0, NULL, NULL),
(476, 44, '2024-02-10', '08:00:00', 0, NULL, NULL),
(477, 44, '2024-02-10', '12:00:00', 0, NULL, NULL),
(478, 44, '2024-02-10', '15:00:00', 0, NULL, NULL),
(479, 44, '2024-02-10', '17:00:00', 0, NULL, NULL),
(480, 44, '2024-02-11', '08:00:00', 0, NULL, NULL),
(481, 44, '2024-02-11', '12:00:00', 0, NULL, NULL),
(482, 44, '2024-02-11', '15:00:00', 0, NULL, NULL),
(483, 44, '2024-02-11', '17:00:00', 0, NULL, NULL),
(484, 44, '2024-02-12', '08:00:00', 0, NULL, NULL),
(485, 44, '2024-02-12', '12:00:00', 0, NULL, NULL),
(486, 44, '2024-02-12', '15:00:00', 0, NULL, NULL),
(487, 44, '2024-02-12', '17:00:00', 0, NULL, NULL),
(488, 44, '2024-02-13', '08:00:00', 0, NULL, NULL),
(489, 44, '2024-02-13', '12:00:00', 0, NULL, NULL),
(490, 44, '2024-02-13', '15:00:00', 0, NULL, NULL),
(491, 44, '2024-02-13', '17:00:00', 0, NULL, NULL),
(492, 44, '2024-02-14', '08:00:00', 0, NULL, NULL),
(493, 44, '2024-02-14', '12:00:00', 0, NULL, NULL),
(494, 44, '2024-02-14', '15:00:00', 0, NULL, NULL),
(495, 44, '2024-02-14', '17:00:00', 0, NULL, NULL),
(496, 44, '2024-02-15', '08:00:00', 0, NULL, NULL),
(497, 44, '2024-02-15', '12:00:00', 0, NULL, NULL),
(498, 44, '2024-02-15', '15:00:00', 0, NULL, NULL),
(499, 44, '2024-02-15', '17:00:00', 0, NULL, NULL),
(500, 44, '2024-02-16', '08:00:00', 0, NULL, NULL),
(501, 44, '2024-02-16', '12:00:00', 0, NULL, NULL),
(502, 44, '2024-02-16', '15:00:00', 0, NULL, NULL),
(503, 44, '2024-02-16', '17:00:00', 0, NULL, NULL),
(504, 44, '2024-02-17', '08:00:00', 0, NULL, NULL),
(505, 44, '2024-02-17', '12:00:00', 0, NULL, NULL),
(506, 44, '2024-02-17', '15:00:00', 0, NULL, NULL),
(507, 44, '2024-02-17', '17:00:00', 0, NULL, NULL),
(508, 44, '2024-02-18', '08:00:00', 0, NULL, NULL),
(509, 44, '2024-02-18', '12:00:00', 0, NULL, NULL),
(510, 44, '2024-02-18', '15:00:00', 0, NULL, NULL),
(511, 44, '2024-02-18', '17:00:00', 0, NULL, NULL),
(512, 44, '2024-02-19', '08:00:00', 0, NULL, NULL),
(513, 44, '2024-02-19', '12:00:00', 0, NULL, NULL),
(514, 44, '2024-02-19', '15:00:00', 0, NULL, NULL),
(515, 44, '2024-02-19', '17:00:00', 0, NULL, NULL),
(516, 44, '2024-02-20', '08:00:00', 0, NULL, NULL),
(517, 44, '2024-02-20', '12:00:00', 0, NULL, NULL),
(518, 44, '2024-02-20', '15:00:00', 0, NULL, NULL),
(519, 44, '2024-02-20', '17:00:00', 0, NULL, NULL),
(520, 44, '2024-02-21', '08:00:00', 0, NULL, NULL),
(521, 44, '2024-02-21', '12:00:00', 0, NULL, NULL),
(522, 44, '2024-02-21', '15:00:00', 0, NULL, NULL),
(523, 44, '2024-02-21', '17:00:00', 0, NULL, NULL),
(524, 44, '2024-02-22', '08:00:00', 0, NULL, NULL),
(525, 44, '2024-02-22', '12:00:00', 0, NULL, NULL),
(526, 44, '2024-02-22', '15:00:00', 0, NULL, NULL),
(527, 44, '2024-02-22', '17:00:00', 0, NULL, NULL),
(528, 44, '2024-02-23', '08:00:00', 0, NULL, NULL),
(529, 44, '2024-02-23', '12:00:00', 0, NULL, NULL),
(530, 44, '2024-02-23', '15:00:00', 0, NULL, NULL),
(531, 44, '2024-02-23', '17:00:00', 0, NULL, NULL),
(532, 44, '2024-02-24', '08:00:00', 0, NULL, NULL),
(533, 44, '2024-02-24', '12:00:00', 0, NULL, NULL),
(534, 44, '2024-02-24', '15:00:00', 0, NULL, NULL),
(535, 44, '2024-02-24', '17:00:00', 0, NULL, NULL),
(536, 44, '2024-02-25', '08:00:00', 0, NULL, NULL),
(537, 44, '2024-02-25', '12:00:00', 0, NULL, NULL),
(538, 44, '2024-02-25', '15:00:00', 0, NULL, NULL),
(539, 44, '2024-02-25', '17:00:00', 0, NULL, NULL),
(540, 44, '2024-02-26', '08:00:00', 0, NULL, NULL),
(541, 44, '2024-02-26', '12:00:00', 0, NULL, NULL),
(542, 44, '2024-02-26', '15:00:00', 0, NULL, NULL),
(543, 44, '2024-02-26', '17:00:00', 0, NULL, NULL),
(544, 44, '2024-02-27', '08:00:00', 0, NULL, NULL),
(545, 44, '2024-02-27', '12:00:00', 0, NULL, NULL),
(546, 44, '2024-02-27', '15:00:00', 0, NULL, NULL),
(547, 44, '2024-02-27', '17:00:00', 0, NULL, NULL),
(548, 44, '2024-02-28', '08:00:00', 0, NULL, NULL),
(549, 44, '2024-02-28', '12:00:00', 0, NULL, NULL),
(550, 44, '2024-02-28', '15:00:00', 0, NULL, NULL),
(551, 44, '2024-02-28', '17:00:00', 0, NULL, NULL),
(552, 44, '2024-02-29', '08:00:00', 0, NULL, NULL),
(553, 44, '2024-02-29', '12:00:00', 0, NULL, NULL),
(554, 44, '2024-02-29', '15:00:00', 0, NULL, NULL),
(555, 44, '2024-02-29', '17:00:00', 0, NULL, NULL),
(556, 44, '2024-03-01', '08:00:00', 0, NULL, NULL),
(557, 44, '2024-03-01', '12:00:00', 0, NULL, NULL),
(558, 44, '2024-03-01', '15:00:00', 0, NULL, NULL),
(559, 44, '2024-03-01', '17:00:00', 0, NULL, NULL),
(560, 44, '2024-03-02', '08:00:00', 0, NULL, NULL),
(561, 44, '2024-03-02', '12:00:00', 0, NULL, NULL),
(562, 44, '2024-03-02', '15:00:00', 0, NULL, NULL),
(563, 44, '2024-03-02', '17:00:00', 0, NULL, NULL),
(564, 44, '2024-03-03', '08:00:00', 0, NULL, NULL),
(565, 44, '2024-03-03', '12:00:00', 0, NULL, NULL),
(566, 44, '2024-03-03', '15:00:00', 0, NULL, NULL),
(567, 44, '2024-03-03', '17:00:00', 0, NULL, NULL),
(568, 44, '2024-03-04', '08:00:00', 0, NULL, NULL),
(569, 44, '2024-03-04', '12:00:00', 0, NULL, NULL),
(570, 44, '2024-03-04', '15:00:00', 0, NULL, NULL),
(571, 44, '2024-03-04', '17:00:00', 0, NULL, NULL),
(572, 44, '2024-03-05', '08:00:00', 0, NULL, NULL),
(573, 44, '2024-03-05', '12:00:00', 0, NULL, NULL),
(574, 44, '2024-03-05', '15:00:00', 0, NULL, NULL),
(575, 44, '2024-03-05', '17:00:00', 0, NULL, NULL),
(576, 44, '2024-03-06', '08:00:00', 0, NULL, NULL),
(577, 44, '2024-03-06', '12:00:00', 0, NULL, NULL),
(578, 44, '2024-03-06', '15:00:00', 0, NULL, NULL),
(579, 44, '2024-03-06', '17:00:00', 0, NULL, NULL),
(580, 44, '2024-03-07', '08:00:00', 0, NULL, NULL),
(581, 44, '2024-03-07', '12:00:00', 0, NULL, NULL),
(582, 44, '2024-03-07', '15:00:00', 0, NULL, NULL),
(583, 44, '2024-03-07', '17:00:00', 0, NULL, NULL),
(584, 44, '2024-03-08', '08:00:00', 0, NULL, NULL),
(585, 44, '2024-03-08', '12:00:00', 0, NULL, NULL),
(586, 44, '2024-03-08', '15:00:00', 0, NULL, NULL),
(587, 44, '2024-03-08', '17:00:00', 0, NULL, NULL),
(588, 44, '2024-03-09', '08:00:00', 0, NULL, NULL),
(589, 44, '2024-03-09', '12:00:00', 0, NULL, NULL),
(590, 44, '2024-03-09', '15:00:00', 0, NULL, NULL),
(591, 44, '2024-03-09', '17:00:00', 0, NULL, NULL),
(592, 44, '2024-03-10', '08:00:00', 0, NULL, NULL),
(593, 44, '2024-03-10', '12:00:00', 0, NULL, NULL),
(594, 44, '2024-03-10', '15:00:00', 0, NULL, NULL),
(595, 44, '2024-03-10', '17:00:00', 0, NULL, NULL),
(596, 44, '2024-03-11', '08:00:00', 0, NULL, NULL),
(597, 44, '2024-03-11', '12:00:00', 0, NULL, NULL),
(598, 44, '2024-03-11', '15:00:00', 0, NULL, NULL),
(599, 44, '2024-03-11', '17:00:00', 0, NULL, NULL),
(600, 44, '2024-03-12', '08:00:00', 0, NULL, NULL),
(601, 44, '2024-03-12', '12:00:00', 0, NULL, NULL),
(602, 44, '2024-03-12', '15:00:00', 0, NULL, NULL),
(603, 44, '2024-03-12', '17:00:00', 0, NULL, NULL),
(604, 44, '2024-03-13', '08:00:00', 0, NULL, NULL),
(605, 44, '2024-03-13', '12:00:00', 0, NULL, NULL),
(606, 44, '2024-03-13', '15:00:00', 0, NULL, NULL),
(607, 44, '2024-03-13', '17:00:00', 0, NULL, NULL),
(608, 44, '2024-03-14', '08:00:00', 0, NULL, NULL),
(609, 44, '2024-03-14', '12:00:00', 0, NULL, NULL),
(610, 44, '2024-03-14', '15:00:00', 0, NULL, NULL),
(611, 44, '2024-03-14', '17:00:00', 0, NULL, NULL),
(612, 44, '2024-03-15', '08:00:00', 0, NULL, NULL),
(613, 44, '2024-03-15', '12:00:00', 0, NULL, NULL),
(614, 44, '2024-03-15', '15:00:00', 0, NULL, NULL),
(615, 44, '2024-03-15', '17:00:00', 0, NULL, NULL),
(616, 44, '2024-03-16', '08:00:00', 0, NULL, NULL),
(617, 44, '2024-03-16', '12:00:00', 0, NULL, NULL),
(618, 44, '2024-03-16', '15:00:00', 0, NULL, NULL),
(619, 44, '2024-03-16', '17:00:00', 0, NULL, NULL),
(620, 44, '2024-03-17', '08:00:00', 0, NULL, NULL),
(621, 44, '2024-03-17', '12:00:00', 0, NULL, NULL),
(622, 44, '2024-03-17', '15:00:00', 0, NULL, NULL),
(623, 44, '2024-03-17', '17:00:00', 0, NULL, NULL),
(624, 44, '2024-03-18', '08:00:00', 0, NULL, NULL),
(625, 44, '2024-03-18', '12:00:00', 0, NULL, NULL),
(626, 44, '2024-03-18', '15:00:00', 0, NULL, NULL),
(627, 44, '2024-03-18', '17:00:00', 0, NULL, NULL),
(628, 44, '2024-03-19', '08:00:00', 0, NULL, NULL),
(629, 44, '2024-03-19', '12:00:00', 0, NULL, NULL),
(630, 44, '2024-03-19', '15:00:00', 0, NULL, NULL),
(631, 44, '2024-03-19', '17:00:00', 0, NULL, NULL),
(632, 44, '2024-03-20', '08:00:00', 0, NULL, NULL),
(633, 44, '2024-03-20', '12:00:00', 0, NULL, NULL),
(634, 44, '2024-03-20', '15:00:00', 0, NULL, NULL),
(635, 44, '2024-03-20', '17:00:00', 0, NULL, NULL),
(636, 44, '2024-03-21', '08:00:00', 0, NULL, NULL),
(637, 44, '2024-03-21', '12:00:00', 0, NULL, NULL),
(638, 44, '2024-03-21', '15:00:00', 0, NULL, NULL),
(639, 44, '2024-03-21', '17:00:00', 0, NULL, NULL),
(640, 44, '2024-03-22', '08:00:00', 0, NULL, NULL),
(641, 44, '2024-03-22', '12:00:00', 0, NULL, NULL),
(642, 44, '2024-03-22', '15:00:00', 0, NULL, NULL),
(643, 44, '2024-03-22', '17:00:00', 0, NULL, NULL),
(644, 44, '2024-03-23', '08:00:00', 0, NULL, NULL),
(645, 44, '2024-03-23', '12:00:00', 0, NULL, NULL),
(646, 44, '2024-03-23', '15:00:00', 0, NULL, NULL),
(647, 44, '2024-03-23', '17:00:00', 0, NULL, NULL),
(648, 44, '2024-03-24', '08:00:00', 0, NULL, NULL),
(649, 44, '2024-03-24', '12:00:00', 0, NULL, NULL),
(650, 44, '2024-03-24', '15:00:00', 0, NULL, NULL),
(651, 44, '2024-03-24', '17:00:00', 0, NULL, NULL),
(652, 44, '2024-03-25', '08:00:00', 0, NULL, NULL),
(653, 44, '2024-03-25', '12:00:00', 0, NULL, NULL),
(654, 44, '2024-03-25', '15:00:00', 0, NULL, NULL),
(655, 44, '2024-03-25', '17:00:00', 0, NULL, NULL),
(656, 44, '2024-03-26', '08:00:00', 0, NULL, NULL),
(657, 44, '2024-03-26', '12:00:00', 0, NULL, NULL),
(658, 44, '2024-03-26', '15:00:00', 0, NULL, NULL),
(659, 44, '2024-03-26', '17:00:00', 0, NULL, NULL),
(660, 44, '2024-03-27', '08:00:00', 0, NULL, NULL),
(661, 44, '2024-03-27', '12:00:00', 0, NULL, NULL),
(662, 44, '2024-03-27', '15:00:00', 0, NULL, NULL),
(663, 44, '2024-03-27', '17:00:00', 0, NULL, NULL),
(664, 44, '2024-03-28', '08:00:00', 0, NULL, NULL),
(665, 44, '2024-03-28', '12:00:00', 0, NULL, NULL),
(666, 44, '2024-03-28', '15:00:00', 0, NULL, NULL),
(667, 44, '2024-03-28', '17:00:00', 0, NULL, NULL),
(668, 44, '2024-03-29', '08:00:00', 0, NULL, NULL),
(669, 44, '2024-03-29', '12:00:00', 0, NULL, NULL),
(670, 44, '2024-03-29', '15:00:00', 0, NULL, NULL),
(671, 44, '2024-03-29', '17:00:00', 0, NULL, NULL),
(672, 44, '2024-03-30', '08:00:00', 0, NULL, NULL),
(673, 44, '2024-03-30', '12:00:00', 0, NULL, NULL),
(674, 44, '2024-03-30', '15:00:00', 0, NULL, NULL),
(675, 44, '2024-03-30', '17:00:00', 0, NULL, NULL),
(676, 44, '2024-03-31', '08:00:00', 0, NULL, NULL),
(677, 44, '2024-03-31', '12:00:00', 0, NULL, NULL),
(678, 44, '2024-03-31', '15:00:00', 0, NULL, NULL),
(679, 44, '2024-03-31', '17:00:00', 0, NULL, NULL),
(680, 44, '2024-04-01', '08:00:00', 0, NULL, NULL),
(681, 44, '2024-04-01', '12:00:00', 0, NULL, NULL),
(682, 44, '2024-04-01', '15:00:00', 0, NULL, NULL),
(683, 44, '2024-04-01', '17:00:00', 0, NULL, NULL),
(684, 44, '2024-04-02', '08:00:00', 0, NULL, NULL),
(685, 44, '2024-04-02', '12:00:00', 0, NULL, NULL),
(686, 44, '2024-04-02', '15:00:00', 0, NULL, NULL),
(687, 44, '2024-04-02', '17:00:00', 0, NULL, NULL),
(688, 44, '2024-04-03', '08:00:00', 0, NULL, NULL),
(689, 44, '2024-04-03', '12:00:00', 0, NULL, NULL),
(690, 44, '2024-04-03', '15:00:00', 0, NULL, NULL),
(691, 44, '2024-04-03', '17:00:00', 0, NULL, NULL),
(692, 44, '2024-04-04', '08:00:00', 0, NULL, NULL),
(693, 44, '2024-04-04', '12:00:00', 0, NULL, NULL),
(694, 44, '2024-04-04', '15:00:00', 0, NULL, NULL),
(695, 44, '2024-04-04', '17:00:00', 0, NULL, NULL),
(696, 44, '2024-04-05', '08:00:00', 0, NULL, NULL),
(697, 44, '2024-04-05', '12:00:00', 0, NULL, NULL),
(698, 44, '2024-04-05', '15:00:00', 0, NULL, NULL),
(699, 44, '2024-04-05', '17:00:00', 0, NULL, NULL),
(700, 44, '2024-04-06', '08:00:00', 0, NULL, NULL),
(701, 44, '2024-04-06', '12:00:00', 0, NULL, NULL),
(702, 44, '2024-04-06', '15:00:00', 0, NULL, NULL),
(703, 44, '2024-04-06', '17:00:00', 0, NULL, NULL),
(704, 44, '2024-04-07', '08:00:00', 0, NULL, NULL),
(705, 44, '2024-04-07', '12:00:00', 0, NULL, NULL),
(706, 44, '2024-04-07', '15:00:00', 0, NULL, NULL),
(707, 44, '2024-04-07', '17:00:00', 0, NULL, NULL),
(708, 44, '2024-04-08', '08:00:00', 0, NULL, NULL),
(709, 44, '2024-04-08', '12:00:00', 0, NULL, NULL),
(710, 44, '2024-04-08', '15:00:00', 0, NULL, NULL),
(711, 44, '2024-04-08', '17:00:00', 0, NULL, NULL),
(712, 44, '2024-04-09', '08:00:00', 0, NULL, NULL),
(713, 44, '2024-04-09', '12:00:00', 0, NULL, NULL),
(714, 44, '2024-04-09', '15:00:00', 0, NULL, NULL),
(715, 44, '2024-04-09', '17:00:00', 0, NULL, NULL),
(716, 44, '2024-04-10', '08:00:00', 0, NULL, NULL),
(717, 44, '2024-04-10', '12:00:00', 0, NULL, NULL),
(718, 44, '2024-04-10', '15:00:00', 0, NULL, NULL),
(719, 44, '2024-04-10', '17:00:00', 0, NULL, NULL),
(720, 44, '2024-04-11', '08:00:00', 0, NULL, NULL),
(721, 44, '2024-04-11', '12:00:00', 0, NULL, NULL),
(722, 44, '2024-04-11', '15:00:00', 0, NULL, NULL),
(723, 44, '2024-04-11', '17:00:00', 0, NULL, NULL),
(724, 44, '2024-04-12', '08:00:00', 0, NULL, NULL),
(725, 44, '2024-04-12', '12:00:00', 0, NULL, NULL),
(726, 44, '2024-04-12', '15:00:00', 0, NULL, NULL),
(727, 44, '2024-04-12', '17:00:00', 0, NULL, NULL),
(728, 44, '2024-04-13', '08:00:00', 0, NULL, NULL),
(729, 44, '2024-04-13', '12:00:00', 0, NULL, NULL),
(730, 44, '2024-04-13', '15:00:00', 0, NULL, NULL),
(731, 44, '2024-04-13', '17:00:00', 0, NULL, NULL),
(732, 44, '2024-04-14', '08:00:00', 0, NULL, NULL),
(733, 44, '2024-04-14', '12:00:00', 0, NULL, NULL),
(734, 44, '2024-04-14', '15:00:00', 0, NULL, NULL),
(735, 44, '2024-04-14', '17:00:00', 0, NULL, NULL),
(736, 44, '2024-04-15', '08:00:00', 0, NULL, NULL),
(737, 44, '2024-04-15', '12:00:00', 0, NULL, NULL),
(738, 44, '2024-04-15', '15:00:00', 0, NULL, NULL),
(739, 44, '2024-04-15', '17:00:00', 0, NULL, NULL),
(740, 44, '2024-04-16', '08:00:00', 0, NULL, NULL),
(741, 44, '2024-04-16', '12:00:00', 0, NULL, NULL),
(742, 44, '2024-04-16', '15:00:00', 0, NULL, NULL),
(743, 44, '2024-04-16', '17:00:00', 0, NULL, NULL),
(744, 44, '2024-04-17', '08:00:00', 0, NULL, NULL),
(745, 44, '2024-04-17', '12:00:00', 0, NULL, NULL),
(746, 44, '2024-04-17', '15:00:00', 0, NULL, NULL),
(747, 44, '2024-04-17', '17:00:00', 0, NULL, NULL),
(748, 44, '2024-04-18', '08:00:00', 0, NULL, NULL),
(749, 44, '2024-04-18', '12:00:00', 0, NULL, NULL),
(750, 44, '2024-04-18', '15:00:00', 0, NULL, NULL),
(751, 44, '2024-04-18', '17:00:00', 0, NULL, NULL),
(752, 44, '2024-04-19', '08:00:00', 0, NULL, NULL),
(753, 44, '2024-04-19', '12:00:00', 0, NULL, NULL),
(754, 44, '2024-04-19', '15:00:00', 0, NULL, NULL),
(755, 44, '2024-04-19', '17:00:00', 0, NULL, NULL),
(756, 44, '2024-04-20', '08:00:00', 0, NULL, NULL),
(757, 44, '2024-04-20', '12:00:00', 0, NULL, NULL),
(758, 44, '2024-04-20', '15:00:00', 0, NULL, NULL),
(759, 44, '2024-04-20', '17:00:00', 0, NULL, NULL),
(760, 44, '2024-04-21', '08:00:00', 0, NULL, NULL),
(761, 44, '2024-04-21', '12:00:00', 0, NULL, NULL),
(762, 44, '2024-04-21', '15:00:00', 0, NULL, NULL),
(763, 44, '2024-04-21', '17:00:00', 0, NULL, NULL),
(764, 44, '2024-04-22', '08:00:00', 0, NULL, NULL),
(765, 44, '2024-04-22', '12:00:00', 0, NULL, NULL),
(766, 44, '2024-04-22', '15:00:00', 0, NULL, NULL),
(767, 44, '2024-04-22', '17:00:00', 0, NULL, NULL),
(768, 44, '2024-04-23', '08:00:00', 0, NULL, NULL),
(769, 44, '2024-04-23', '12:00:00', 0, NULL, NULL),
(770, 44, '2024-04-23', '15:00:00', 0, NULL, NULL),
(771, 44, '2024-04-23', '17:00:00', 0, NULL, NULL),
(772, 44, '2024-04-24', '08:00:00', 0, NULL, NULL),
(773, 44, '2024-04-24', '12:00:00', 0, NULL, NULL),
(774, 44, '2024-04-24', '15:00:00', 0, NULL, NULL),
(775, 44, '2024-04-24', '17:00:00', 0, NULL, NULL),
(776, 44, '2024-04-25', '08:00:00', 0, NULL, NULL),
(777, 44, '2024-04-25', '12:00:00', 0, NULL, NULL),
(778, 44, '2024-04-25', '15:00:00', 0, NULL, NULL),
(779, 44, '2024-04-25', '17:00:00', 0, NULL, NULL),
(780, 44, '2024-04-26', '08:00:00', 0, NULL, NULL),
(781, 44, '2024-04-26', '12:00:00', 0, NULL, NULL),
(782, 44, '2024-04-26', '15:00:00', 0, NULL, NULL),
(783, 44, '2024-04-26', '17:00:00', 0, NULL, NULL),
(784, 44, '2024-04-27', '08:00:00', 0, NULL, NULL),
(785, 44, '2024-04-27', '12:00:00', 0, NULL, NULL),
(786, 44, '2024-04-27', '15:00:00', 0, NULL, NULL),
(787, 44, '2024-04-27', '17:00:00', 0, NULL, NULL),
(788, 44, '2024-04-28', '08:00:00', 0, NULL, NULL),
(789, 44, '2024-04-28', '12:00:00', 0, NULL, NULL),
(790, 44, '2024-04-28', '15:00:00', 0, NULL, NULL),
(791, 44, '2024-04-28', '17:00:00', 0, NULL, NULL),
(792, 44, '2024-04-29', '08:00:00', 0, NULL, NULL),
(793, 44, '2024-04-29', '12:00:00', 0, NULL, NULL),
(794, 44, '2024-04-29', '15:00:00', 0, NULL, NULL),
(795, 44, '2024-04-29', '17:00:00', 0, NULL, NULL),
(796, 44, '2024-04-30', '08:00:00', 0, NULL, NULL),
(797, 44, '2024-04-30', '12:00:00', 0, NULL, NULL),
(798, 44, '2024-04-30', '15:00:00', 0, NULL, NULL),
(799, 44, '2024-04-30', '17:00:00', 0, NULL, NULL),
(800, 44, '2024-05-01', '08:00:00', 0, NULL, NULL),
(801, 44, '2024-05-01', '12:00:00', 0, NULL, NULL),
(802, 44, '2024-05-01', '15:00:00', 0, NULL, NULL),
(803, 44, '2024-05-01', '17:00:00', 0, NULL, NULL),
(804, 44, '2024-05-02', '08:00:00', 0, NULL, NULL),
(805, 44, '2024-05-02', '12:00:00', 0, NULL, NULL),
(806, 44, '2024-05-02', '15:00:00', 0, NULL, NULL),
(807, 44, '2024-05-02', '17:00:00', 0, NULL, NULL),
(808, 44, '2024-05-03', '08:00:00', 0, NULL, NULL),
(809, 44, '2024-05-03', '12:00:00', 0, NULL, NULL),
(810, 44, '2024-05-03', '15:00:00', 0, NULL, NULL),
(811, 44, '2024-05-03', '17:00:00', 0, NULL, NULL),
(812, 44, '2024-05-04', '08:00:00', 0, NULL, NULL),
(813, 44, '2024-05-04', '12:00:00', 0, NULL, NULL),
(814, 44, '2024-05-04', '15:00:00', 0, NULL, NULL),
(815, 44, '2024-05-04', '17:00:00', 0, NULL, NULL),
(816, 44, '2024-05-05', '08:00:00', 0, NULL, NULL),
(817, 44, '2024-05-05', '12:00:00', 0, NULL, NULL),
(818, 44, '2024-05-05', '15:00:00', 0, NULL, NULL),
(819, 44, '2024-05-05', '17:00:00', 0, NULL, NULL),
(820, 44, '2024-05-06', '08:00:00', 0, NULL, NULL),
(821, 44, '2024-05-06', '12:00:00', 0, NULL, NULL),
(822, 44, '2024-05-06', '15:00:00', 0, NULL, NULL),
(823, 44, '2024-05-06', '17:00:00', 0, NULL, NULL),
(824, 44, '2024-05-07', '08:00:00', 0, NULL, NULL),
(825, 44, '2024-05-07', '12:00:00', 0, NULL, NULL),
(826, 44, '2024-05-07', '15:00:00', 0, NULL, NULL),
(827, 44, '2024-05-07', '17:00:00', 0, NULL, NULL),
(828, 44, '2024-05-08', '08:00:00', 0, NULL, NULL),
(829, 44, '2024-05-08', '12:00:00', 0, NULL, NULL),
(830, 44, '2024-05-08', '15:00:00', 0, NULL, NULL),
(831, 44, '2024-05-08', '17:00:00', 0, NULL, NULL),
(832, 44, '2024-05-09', '08:00:00', 0, NULL, NULL),
(833, 44, '2024-05-09', '12:00:00', 0, NULL, NULL),
(834, 44, '2024-05-09', '15:00:00', 0, NULL, NULL),
(835, 44, '2024-05-09', '17:00:00', 0, NULL, NULL),
(836, 44, '2024-05-10', '08:00:00', 0, NULL, NULL),
(837, 44, '2024-05-10', '12:00:00', 0, NULL, NULL),
(838, 44, '2024-05-10', '15:00:00', 0, NULL, NULL),
(839, 44, '2024-05-10', '17:00:00', 0, NULL, NULL),
(840, 44, '2024-05-11', '08:00:00', 0, NULL, NULL),
(841, 44, '2024-05-11', '12:00:00', 0, NULL, NULL),
(842, 44, '2024-05-11', '15:00:00', 0, NULL, NULL),
(843, 44, '2024-05-11', '17:00:00', 0, NULL, NULL),
(844, 44, '2024-05-12', '08:00:00', 0, NULL, NULL),
(845, 44, '2024-05-12', '12:00:00', 0, NULL, NULL),
(846, 44, '2024-05-12', '15:00:00', 0, NULL, NULL),
(847, 44, '2024-05-12', '17:00:00', 0, NULL, NULL),
(848, 44, '2024-05-13', '08:00:00', 0, NULL, NULL),
(849, 44, '2024-05-13', '12:00:00', 0, NULL, NULL),
(850, 44, '2024-05-13', '15:00:00', 0, NULL, NULL),
(851, 44, '2024-05-13', '17:00:00', 0, NULL, NULL),
(852, 44, '2024-05-14', '08:00:00', 0, NULL, NULL),
(853, 44, '2024-05-14', '12:00:00', 0, NULL, NULL),
(854, 44, '2024-05-14', '15:00:00', 0, NULL, NULL),
(855, 44, '2024-05-14', '17:00:00', 0, NULL, NULL),
(856, 44, '2024-05-15', '08:00:00', 0, NULL, NULL),
(857, 44, '2024-05-15', '12:00:00', 0, NULL, NULL),
(858, 44, '2024-05-15', '15:00:00', 0, NULL, NULL),
(859, 44, '2024-05-15', '17:00:00', 0, NULL, NULL),
(860, 44, '2024-05-16', '08:00:00', 0, NULL, NULL),
(861, 44, '2024-05-16', '12:00:00', 0, NULL, NULL),
(862, 44, '2024-05-16', '15:00:00', 0, NULL, NULL),
(863, 44, '2024-05-16', '17:00:00', 0, NULL, NULL),
(864, 44, '2024-05-17', '08:00:00', 0, NULL, NULL),
(865, 44, '2024-05-17', '12:00:00', 0, NULL, NULL),
(866, 44, '2024-05-17', '15:00:00', 0, NULL, NULL),
(867, 44, '2024-05-17', '17:00:00', 0, NULL, NULL),
(868, 44, '2024-05-18', '08:00:00', 0, NULL, NULL),
(869, 44, '2024-05-18', '12:00:00', 0, NULL, NULL),
(870, 44, '2024-05-18', '15:00:00', 0, NULL, NULL),
(871, 44, '2024-05-18', '17:00:00', 0, NULL, NULL),
(872, 44, '2024-05-19', '08:00:00', 0, NULL, NULL),
(873, 44, '2024-05-19', '12:00:00', 0, NULL, NULL),
(874, 44, '2024-05-19', '15:00:00', 0, NULL, NULL),
(875, 44, '2024-05-19', '17:00:00', 0, NULL, NULL),
(876, 44, '2024-05-20', '08:00:00', 0, NULL, NULL),
(877, 44, '2024-05-20', '12:00:00', 0, NULL, NULL),
(878, 44, '2024-05-20', '15:00:00', 0, NULL, NULL),
(879, 44, '2024-05-20', '17:00:00', 0, NULL, NULL),
(880, 44, '2024-05-21', '08:00:00', 0, NULL, NULL),
(881, 44, '2024-05-21', '12:00:00', 0, NULL, NULL),
(882, 44, '2024-05-21', '15:00:00', 0, NULL, NULL),
(883, 44, '2024-05-21', '17:00:00', 0, NULL, NULL),
(884, 44, '2024-05-22', '08:00:00', 0, NULL, NULL),
(885, 44, '2024-05-22', '12:00:00', 0, NULL, NULL),
(886, 44, '2024-05-22', '15:00:00', 0, NULL, NULL),
(887, 44, '2024-05-22', '17:00:00', 0, NULL, NULL),
(888, 44, '2024-05-23', '08:00:00', 0, NULL, NULL),
(889, 44, '2024-05-23', '12:00:00', 0, NULL, NULL),
(890, 44, '2024-05-23', '15:00:00', 0, NULL, NULL),
(891, 44, '2024-05-23', '17:00:00', 0, NULL, NULL),
(892, 44, '2024-05-24', '08:00:00', 0, NULL, NULL),
(893, 44, '2024-05-24', '12:00:00', 0, NULL, NULL),
(894, 44, '2024-05-24', '15:00:00', 0, NULL, NULL),
(895, 44, '2024-05-24', '17:00:00', 0, NULL, NULL),
(896, 44, '2024-05-25', '08:00:00', 0, NULL, NULL),
(897, 44, '2024-05-25', '12:00:00', 0, NULL, NULL),
(898, 44, '2024-05-25', '15:00:00', 0, NULL, NULL),
(899, 44, '2024-05-25', '17:00:00', 0, NULL, NULL),
(900, 44, '2024-05-26', '08:00:00', 0, NULL, NULL),
(901, 44, '2024-05-26', '12:00:00', 0, NULL, NULL),
(902, 44, '2024-05-26', '15:00:00', 0, NULL, NULL),
(903, 44, '2024-05-26', '17:00:00', 0, NULL, NULL),
(904, 44, '2024-05-27', '08:00:00', 0, NULL, NULL),
(905, 44, '2024-05-27', '12:00:00', 0, NULL, NULL),
(906, 44, '2024-05-27', '15:00:00', 0, NULL, NULL),
(907, 44, '2024-05-27', '17:00:00', 0, NULL, NULL),
(908, 44, '2024-05-28', '08:00:00', 0, NULL, NULL),
(909, 44, '2024-05-28', '12:00:00', 0, NULL, NULL),
(910, 44, '2024-05-28', '15:00:00', 0, NULL, NULL),
(911, 44, '2024-05-28', '17:00:00', 0, NULL, NULL),
(912, 44, '2024-05-29', '08:00:00', 0, NULL, NULL),
(913, 44, '2024-05-29', '12:00:00', 0, NULL, NULL),
(914, 44, '2024-05-29', '15:00:00', 0, NULL, NULL),
(915, 44, '2024-05-29', '17:00:00', 0, NULL, NULL),
(916, 44, '2024-05-30', '08:00:00', 0, NULL, NULL),
(917, 44, '2024-05-30', '12:00:00', 0, NULL, NULL),
(918, 44, '2024-05-30', '15:00:00', 0, NULL, NULL),
(919, 44, '2024-05-30', '17:00:00', 0, NULL, NULL),
(920, 44, '2024-05-31', '08:00:00', 0, NULL, NULL),
(921, 44, '2024-05-31', '12:00:00', 0, NULL, NULL),
(922, 44, '2024-05-31', '15:00:00', 0, NULL, NULL),
(923, 44, '2024-05-31', '17:00:00', 0, NULL, NULL),
(924, 44, '2024-06-01', '08:00:00', 0, NULL, NULL),
(925, 44, '2024-06-01', '12:00:00', 0, NULL, NULL),
(926, 44, '2024-06-01', '15:00:00', 0, NULL, NULL),
(927, 44, '2024-06-01', '17:00:00', 0, NULL, NULL),
(928, 44, '2024-06-02', '08:00:00', 0, NULL, NULL),
(929, 44, '2024-06-02', '12:00:00', 0, NULL, NULL),
(930, 44, '2024-06-02', '15:00:00', 0, NULL, NULL),
(931, 44, '2024-06-02', '17:00:00', 0, NULL, NULL),
(932, 44, '2024-06-03', '08:00:00', 0, NULL, NULL),
(933, 44, '2024-06-03', '12:00:00', 0, NULL, NULL),
(934, 44, '2024-06-03', '15:00:00', 0, NULL, NULL),
(935, 44, '2024-06-03', '17:00:00', 0, NULL, NULL),
(936, 44, '2024-06-04', '08:00:00', 0, NULL, NULL),
(937, 44, '2024-06-04', '12:00:00', 0, NULL, NULL),
(938, 44, '2024-06-04', '15:00:00', 0, NULL, NULL),
(939, 44, '2024-06-04', '17:00:00', 0, NULL, NULL),
(940, 44, '2024-06-05', '08:00:00', 0, NULL, NULL),
(941, 44, '2024-06-05', '12:00:00', 0, NULL, NULL),
(942, 44, '2024-06-05', '15:00:00', 0, NULL, NULL),
(943, 44, '2024-06-05', '17:00:00', 0, NULL, NULL),
(944, 44, '2024-06-06', '08:00:00', 0, NULL, NULL),
(945, 44, '2024-06-06', '12:00:00', 0, NULL, NULL),
(946, 44, '2024-06-06', '15:00:00', 0, NULL, NULL),
(947, 44, '2024-06-06', '17:00:00', 0, NULL, NULL),
(948, 44, '2024-06-07', '08:00:00', 0, NULL, NULL),
(949, 44, '2024-06-07', '12:00:00', 0, NULL, NULL),
(950, 44, '2024-06-07', '15:00:00', 0, NULL, NULL),
(951, 44, '2024-06-07', '17:00:00', 0, NULL, NULL),
(952, 44, '2024-06-08', '08:00:00', 0, NULL, NULL),
(953, 44, '2024-06-08', '12:00:00', 0, NULL, NULL),
(954, 44, '2024-06-08', '15:00:00', 0, NULL, NULL),
(955, 44, '2024-06-08', '17:00:00', 0, NULL, NULL),
(956, 44, '2024-06-09', '08:00:00', 0, NULL, NULL),
(957, 44, '2024-06-09', '12:00:00', 0, NULL, NULL),
(958, 44, '2024-06-09', '15:00:00', 0, NULL, NULL),
(959, 44, '2024-06-09', '17:00:00', 0, NULL, NULL),
(960, 44, '2024-06-10', '08:00:00', 0, NULL, NULL),
(961, 44, '2024-06-10', '12:00:00', 0, NULL, NULL),
(962, 44, '2024-06-10', '15:00:00', 0, NULL, NULL),
(963, 44, '2024-06-10', '17:00:00', 0, NULL, NULL),
(964, 44, '2024-06-11', '08:00:00', 0, NULL, NULL),
(965, 44, '2024-06-11', '12:00:00', 0, NULL, NULL),
(966, 44, '2024-06-11', '15:00:00', 0, NULL, NULL),
(967, 44, '2024-06-11', '17:00:00', 0, NULL, NULL),
(968, 44, '2024-06-12', '08:00:00', 0, NULL, NULL),
(969, 44, '2024-06-12', '12:00:00', 0, NULL, NULL),
(970, 44, '2024-06-12', '15:00:00', 0, NULL, NULL),
(971, 44, '2024-06-12', '17:00:00', 0, NULL, NULL),
(972, 44, '2024-06-13', '08:00:00', 0, NULL, NULL),
(973, 44, '2024-06-13', '12:00:00', 0, NULL, NULL),
(974, 44, '2024-06-13', '15:00:00', 0, NULL, NULL),
(975, 44, '2024-06-13', '17:00:00', 0, NULL, NULL),
(976, 44, '2024-06-14', '08:00:00', 0, NULL, NULL),
(977, 44, '2024-06-14', '12:00:00', 0, NULL, NULL),
(978, 44, '2024-06-14', '15:00:00', 0, NULL, NULL),
(979, 44, '2024-06-14', '17:00:00', 0, NULL, NULL),
(980, 44, '2024-06-15', '08:00:00', 0, NULL, NULL),
(981, 44, '2024-06-15', '12:00:00', 0, NULL, NULL),
(982, 44, '2024-06-15', '15:00:00', 0, NULL, NULL),
(983, 44, '2024-06-15', '17:00:00', 0, NULL, NULL),
(984, 44, '2024-06-16', '08:00:00', 0, NULL, NULL),
(985, 44, '2024-06-16', '12:00:00', 0, NULL, NULL),
(986, 44, '2024-06-16', '15:00:00', 0, NULL, NULL),
(987, 44, '2024-06-16', '17:00:00', 0, NULL, NULL),
(988, 44, '2024-06-17', '08:00:00', 0, NULL, NULL),
(989, 44, '2024-06-17', '12:00:00', 0, NULL, NULL),
(990, 44, '2024-06-17', '15:00:00', 0, NULL, NULL),
(991, 44, '2024-06-17', '17:00:00', 0, NULL, NULL),
(992, 44, '2024-06-18', '08:00:00', 0, NULL, NULL),
(993, 44, '2024-06-18', '12:00:00', 0, NULL, NULL),
(994, 44, '2024-06-18', '15:00:00', 0, NULL, NULL),
(995, 44, '2024-06-18', '17:00:00', 0, NULL, NULL),
(996, 44, '2024-06-19', '08:00:00', 0, NULL, NULL),
(997, 44, '2024-06-19', '12:00:00', 0, NULL, NULL),
(998, 44, '2024-06-19', '15:00:00', 0, NULL, NULL),
(999, 44, '2024-06-19', '17:00:00', 0, NULL, NULL),
(1000, 44, '2024-06-20', '08:00:00', 0, NULL, NULL),
(1001, 44, '2024-06-20', '12:00:00', 0, NULL, NULL);
INSERT INTO `psychologist_appointment` (`id`, `psychologist_id`, `slot_date`, `slot_time`, `status`, `user_id`, `PaymentID`) VALUES
(1002, 44, '2024-06-20', '15:00:00', 0, NULL, NULL),
(1003, 44, '2024-06-20', '17:00:00', 0, NULL, NULL),
(1004, 44, '2024-06-21', '08:00:00', 0, NULL, NULL),
(1005, 44, '2024-06-21', '12:00:00', 0, NULL, NULL),
(1006, 44, '2024-06-21', '15:00:00', 0, NULL, NULL),
(1007, 44, '2024-06-21', '17:00:00', 0, NULL, NULL),
(1008, 44, '2024-06-22', '08:00:00', 0, NULL, NULL),
(1009, 44, '2024-06-22', '12:00:00', 0, NULL, NULL),
(1010, 44, '2024-06-22', '15:00:00', 0, NULL, NULL),
(1011, 44, '2024-06-22', '17:00:00', 0, NULL, NULL),
(1012, 44, '2024-06-23', '08:00:00', 0, NULL, NULL),
(1013, 44, '2024-06-23', '12:00:00', 0, NULL, NULL),
(1014, 44, '2024-06-23', '15:00:00', 0, NULL, NULL),
(1015, 44, '2024-06-23', '17:00:00', 0, NULL, NULL),
(1016, 44, '2024-06-24', '08:00:00', 0, NULL, NULL),
(1017, 44, '2024-06-24', '12:00:00', 0, NULL, NULL),
(1018, 44, '2024-06-24', '15:00:00', 0, NULL, NULL),
(1019, 44, '2024-06-24', '17:00:00', 0, NULL, NULL),
(1020, 44, '2024-06-25', '08:00:00', 0, NULL, NULL),
(1021, 44, '2024-06-25', '12:00:00', 0, NULL, NULL),
(1022, 44, '2024-06-25', '15:00:00', 0, NULL, NULL),
(1023, 44, '2024-06-25', '17:00:00', 0, NULL, NULL),
(1024, 44, '2024-06-26', '08:00:00', 0, NULL, NULL),
(1025, 44, '2024-06-26', '12:00:00', 0, NULL, NULL),
(1026, 44, '2024-06-26', '15:00:00', 0, NULL, NULL),
(1027, 44, '2024-06-26', '17:00:00', 0, NULL, NULL),
(1028, 44, '2024-06-27', '08:00:00', 0, NULL, NULL),
(1029, 44, '2024-06-27', '12:00:00', 0, NULL, NULL),
(1030, 44, '2024-06-27', '15:00:00', 0, NULL, NULL),
(1031, 44, '2024-06-27', '17:00:00', 0, NULL, NULL),
(1032, 44, '2024-06-28', '08:00:00', 0, NULL, NULL),
(1033, 44, '2024-06-28', '12:00:00', 0, NULL, NULL),
(1034, 44, '2024-06-28', '15:00:00', 0, NULL, NULL),
(1035, 44, '2024-06-28', '17:00:00', 0, NULL, NULL),
(1036, 44, '2024-06-29', '08:00:00', 0, NULL, NULL),
(1037, 44, '2024-06-29', '12:00:00', 0, NULL, NULL),
(1038, 44, '2024-06-29', '15:00:00', 0, NULL, NULL),
(1039, 44, '2024-06-29', '17:00:00', 0, NULL, NULL),
(1040, 44, '2024-06-30', '08:00:00', 0, NULL, NULL),
(1041, 44, '2024-06-30', '12:00:00', 0, NULL, NULL),
(1042, 44, '2024-06-30', '15:00:00', 0, NULL, NULL),
(1043, 44, '2024-06-30', '17:00:00', 0, NULL, NULL),
(1044, 44, '2024-07-01', '08:00:00', 0, NULL, NULL),
(1045, 44, '2024-07-01', '12:00:00', 0, NULL, NULL),
(1046, 44, '2024-07-01', '15:00:00', 0, NULL, NULL),
(1047, 44, '2024-07-01', '17:00:00', 0, NULL, NULL),
(1048, 44, '2024-07-02', '08:00:00', 0, NULL, NULL),
(1049, 44, '2024-07-02', '12:00:00', 0, NULL, NULL),
(1050, 44, '2024-07-02', '15:00:00', 0, NULL, NULL),
(1051, 44, '2024-07-02', '17:00:00', 0, NULL, NULL),
(1052, 44, '2024-07-03', '08:00:00', 0, NULL, NULL),
(1053, 44, '2024-07-03', '12:00:00', 0, NULL, NULL),
(1054, 44, '2024-07-03', '15:00:00', 0, NULL, NULL),
(1055, 44, '2024-07-03', '17:00:00', 0, NULL, NULL),
(1056, 44, '2024-07-04', '08:00:00', 0, NULL, NULL),
(1057, 44, '2024-07-04', '12:00:00', 0, NULL, NULL),
(1058, 44, '2024-07-04', '15:00:00', 0, NULL, NULL),
(1059, 44, '2024-07-04', '17:00:00', 0, NULL, NULL),
(1060, 44, '2024-07-05', '08:00:00', 0, NULL, NULL),
(1061, 44, '2024-07-05', '12:00:00', 0, NULL, NULL),
(1062, 44, '2024-07-05', '15:00:00', 0, NULL, NULL),
(1063, 44, '2024-07-05', '17:00:00', 0, NULL, NULL),
(1064, 44, '2024-07-06', '08:00:00', 0, NULL, NULL),
(1065, 44, '2024-07-06', '12:00:00', 0, NULL, NULL),
(1066, 44, '2024-07-06', '15:00:00', 0, NULL, NULL),
(1067, 44, '2024-07-06', '17:00:00', 0, NULL, NULL),
(1068, 44, '2024-07-07', '08:00:00', 0, NULL, NULL),
(1069, 44, '2024-07-07', '12:00:00', 0, NULL, NULL),
(1070, 44, '2024-07-07', '15:00:00', 0, NULL, NULL),
(1071, 44, '2024-07-07', '17:00:00', 0, NULL, NULL),
(1072, 44, '2024-07-08', '08:00:00', 0, NULL, NULL),
(1073, 44, '2024-07-08', '12:00:00', 0, NULL, NULL),
(1074, 44, '2024-07-08', '15:00:00', 0, NULL, NULL),
(1075, 44, '2024-07-08', '17:00:00', 0, NULL, NULL),
(1076, 44, '2024-07-09', '08:00:00', 0, NULL, NULL),
(1077, 44, '2024-07-09', '12:00:00', 0, NULL, NULL),
(1078, 44, '2024-07-09', '15:00:00', 0, NULL, NULL),
(1079, 44, '2024-07-09', '17:00:00', 0, NULL, NULL),
(1080, 44, '2024-07-10', '08:00:00', 0, NULL, NULL),
(1081, 44, '2024-07-10', '12:00:00', 0, NULL, NULL),
(1082, 44, '2024-07-10', '15:00:00', 0, NULL, NULL),
(1083, 44, '2024-07-10', '17:00:00', 0, NULL, NULL),
(1084, 44, '2024-07-11', '08:00:00', 0, NULL, NULL),
(1085, 44, '2024-07-11', '12:00:00', 0, NULL, NULL),
(1086, 44, '2024-07-11', '15:00:00', 0, NULL, NULL),
(1087, 44, '2024-07-11', '17:00:00', 0, NULL, NULL),
(1088, 44, '2024-07-12', '08:00:00', 0, NULL, NULL),
(1089, 44, '2024-07-12', '12:00:00', 0, NULL, NULL),
(1090, 44, '2024-07-12', '15:00:00', 0, NULL, NULL),
(1091, 44, '2024-07-12', '17:00:00', 0, NULL, NULL),
(1092, 44, '2024-07-13', '08:00:00', 0, NULL, NULL),
(1093, 44, '2024-07-13', '12:00:00', 0, NULL, NULL),
(1094, 44, '2024-07-13', '15:00:00', 0, NULL, NULL),
(1095, 44, '2024-07-13', '17:00:00', 0, NULL, NULL),
(1096, 44, '2024-07-14', '08:00:00', 0, NULL, NULL),
(1097, 44, '2024-07-14', '12:00:00', 0, NULL, NULL),
(1098, 44, '2024-07-14', '15:00:00', 0, NULL, NULL),
(1099, 44, '2024-07-14', '17:00:00', 0, NULL, NULL),
(1100, 44, '2024-07-15', '08:00:00', 0, NULL, NULL),
(1101, 44, '2024-07-15', '12:00:00', 0, NULL, NULL),
(1102, 44, '2024-07-15', '15:00:00', 0, NULL, NULL),
(1103, 44, '2024-07-15', '17:00:00', 0, NULL, NULL),
(1104, 44, '2024-07-16', '08:00:00', 0, NULL, NULL),
(1105, 44, '2024-07-16', '12:00:00', 0, NULL, NULL),
(1106, 44, '2024-07-16', '15:00:00', 0, NULL, NULL),
(1107, 44, '2024-07-16', '17:00:00', 0, NULL, NULL),
(1108, 44, '2024-07-17', '08:00:00', 0, NULL, NULL),
(1109, 44, '2024-07-17', '12:00:00', 0, NULL, NULL),
(1110, 44, '2024-07-17', '15:00:00', 0, NULL, NULL),
(1111, 44, '2024-07-17', '17:00:00', 0, NULL, NULL),
(1112, 44, '2024-07-18', '08:00:00', 0, NULL, NULL),
(1113, 44, '2024-07-18', '12:00:00', 0, NULL, NULL),
(1114, 44, '2024-07-18', '15:00:00', 0, NULL, NULL),
(1115, 44, '2024-07-18', '17:00:00', 0, NULL, NULL),
(1116, 44, '2024-07-19', '08:00:00', 0, NULL, NULL),
(1117, 44, '2024-07-19', '12:00:00', 0, NULL, NULL),
(1118, 44, '2024-07-19', '15:00:00', 0, NULL, NULL),
(1119, 44, '2024-07-19', '17:00:00', 0, NULL, NULL),
(1120, 44, '2024-07-20', '08:00:00', 0, NULL, NULL),
(1121, 44, '2024-07-20', '12:00:00', 0, NULL, NULL),
(1122, 44, '2024-07-20', '15:00:00', 0, NULL, NULL),
(1123, 44, '2024-07-20', '17:00:00', 0, NULL, NULL),
(1124, 44, '2024-07-21', '08:00:00', 0, NULL, NULL),
(1125, 44, '2024-07-21', '12:00:00', 0, NULL, NULL),
(1126, 44, '2024-07-21', '15:00:00', 0, NULL, NULL),
(1127, 44, '2024-07-21', '17:00:00', 0, NULL, NULL),
(1128, 44, '2024-07-22', '08:00:00', 0, NULL, NULL),
(1129, 44, '2024-07-22', '12:00:00', 0, NULL, NULL),
(1130, 44, '2024-07-22', '15:00:00', 0, NULL, NULL),
(1131, 44, '2024-07-22', '17:00:00', 0, NULL, NULL),
(1132, 44, '2024-07-23', '08:00:00', 0, NULL, NULL),
(1133, 44, '2024-07-23', '12:00:00', 0, NULL, NULL),
(1134, 44, '2024-07-23', '15:00:00', 0, NULL, NULL),
(1135, 44, '2024-07-23', '17:00:00', 0, NULL, NULL),
(1136, 44, '2024-07-24', '08:00:00', 0, NULL, NULL),
(1137, 44, '2024-07-24', '12:00:00', 0, NULL, NULL),
(1138, 44, '2024-07-24', '15:00:00', 0, NULL, NULL),
(1139, 44, '2024-07-24', '17:00:00', 0, NULL, NULL),
(1140, 44, '2024-07-25', '08:00:00', 0, NULL, NULL),
(1141, 44, '2024-07-25', '12:00:00', 0, NULL, NULL),
(1142, 44, '2024-07-25', '15:00:00', 0, NULL, NULL),
(1143, 44, '2024-07-25', '17:00:00', 0, NULL, NULL),
(1144, 44, '2024-07-26', '08:00:00', 0, NULL, NULL),
(1145, 44, '2024-07-26', '12:00:00', 0, NULL, NULL),
(1146, 44, '2024-07-26', '15:00:00', 0, NULL, NULL),
(1147, 44, '2024-07-26', '17:00:00', 0, NULL, NULL),
(1148, 44, '2024-07-27', '08:00:00', 0, NULL, NULL),
(1149, 44, '2024-07-27', '12:00:00', 0, NULL, NULL),
(1150, 44, '2024-07-27', '15:00:00', 0, NULL, NULL),
(1151, 44, '2024-07-27', '17:00:00', 0, NULL, NULL),
(1152, 44, '2024-07-28', '08:00:00', 0, NULL, NULL),
(1153, 44, '2024-07-28', '12:00:00', 0, NULL, NULL),
(1154, 44, '2024-07-28', '15:00:00', 0, NULL, NULL),
(1155, 44, '2024-07-28', '17:00:00', 0, NULL, NULL),
(1156, 44, '2024-07-29', '08:00:00', 0, NULL, NULL),
(1157, 44, '2024-07-29', '12:00:00', 0, NULL, NULL),
(1158, 44, '2024-07-29', '15:00:00', 0, NULL, NULL),
(1159, 44, '2024-07-29', '17:00:00', 0, NULL, NULL),
(1160, 44, '2024-07-30', '08:00:00', 0, NULL, NULL),
(1161, 44, '2024-07-30', '12:00:00', 0, NULL, NULL),
(1162, 44, '2024-07-30', '15:00:00', 0, NULL, NULL),
(1163, 44, '2024-07-30', '17:00:00', 0, NULL, NULL),
(1164, 44, '2024-07-31', '08:00:00', 0, NULL, NULL),
(1165, 44, '2024-07-31', '12:00:00', 0, NULL, NULL),
(1166, 44, '2024-07-31', '15:00:00', 0, NULL, NULL),
(1167, 44, '2024-07-31', '17:00:00', 0, NULL, NULL),
(1168, 44, '2024-08-01', '08:00:00', 0, NULL, NULL),
(1169, 44, '2024-08-01', '12:00:00', 0, NULL, NULL),
(1170, 44, '2024-08-01', '15:00:00', 0, NULL, NULL),
(1171, 44, '2024-08-01', '17:00:00', 0, NULL, NULL),
(1172, 44, '2024-08-02', '08:00:00', 0, NULL, NULL),
(1173, 44, '2024-08-02', '12:00:00', 0, NULL, NULL),
(1174, 44, '2024-08-02', '15:00:00', 0, NULL, NULL),
(1175, 44, '2024-08-02', '17:00:00', 0, NULL, NULL),
(1176, 44, '2024-08-03', '08:00:00', 0, NULL, NULL),
(1177, 44, '2024-08-03', '12:00:00', 0, NULL, NULL),
(1178, 44, '2024-08-03', '15:00:00', 0, NULL, NULL),
(1179, 44, '2024-08-03', '17:00:00', 0, NULL, NULL),
(1180, 44, '2024-08-04', '08:00:00', 0, NULL, NULL),
(1181, 44, '2024-08-04', '12:00:00', 0, NULL, NULL),
(1182, 44, '2024-08-04', '15:00:00', 0, NULL, NULL),
(1183, 44, '2024-08-04', '17:00:00', 0, NULL, NULL),
(1184, 44, '2024-08-05', '08:00:00', 0, NULL, NULL),
(1185, 44, '2024-08-05', '12:00:00', 0, NULL, NULL),
(1186, 44, '2024-08-05', '15:00:00', 0, NULL, NULL),
(1187, 44, '2024-08-05', '17:00:00', 0, NULL, NULL),
(1188, 44, '2024-08-06', '08:00:00', 0, NULL, NULL),
(1189, 44, '2024-08-06', '12:00:00', 0, NULL, NULL),
(1190, 44, '2024-08-06', '15:00:00', 0, NULL, NULL),
(1191, 44, '2024-08-06', '17:00:00', 0, NULL, NULL),
(1192, 44, '2024-08-07', '08:00:00', 0, NULL, NULL),
(1193, 44, '2024-08-07', '12:00:00', 0, NULL, NULL),
(1194, 44, '2024-08-07', '15:00:00', 0, NULL, NULL),
(1195, 44, '2024-08-07', '17:00:00', 0, NULL, NULL),
(1196, 44, '2024-08-08', '08:00:00', 0, NULL, NULL),
(1197, 44, '2024-08-08', '12:00:00', 0, NULL, NULL),
(1198, 44, '2024-08-08', '15:00:00', 0, NULL, NULL),
(1199, 44, '2024-08-08', '17:00:00', 0, NULL, NULL),
(1200, 44, '2024-08-09', '08:00:00', 0, NULL, NULL),
(1201, 44, '2024-08-09', '12:00:00', 0, NULL, NULL),
(1202, 44, '2024-08-09', '15:00:00', 0, NULL, NULL),
(1203, 44, '2024-08-09', '17:00:00', 0, NULL, NULL),
(1204, 44, '2024-08-10', '08:00:00', 0, NULL, NULL),
(1205, 44, '2024-08-10', '12:00:00', 0, NULL, NULL),
(1206, 44, '2024-08-10', '15:00:00', 0, NULL, NULL),
(1207, 44, '2024-08-10', '17:00:00', 0, NULL, NULL),
(1208, 44, '2024-08-11', '08:00:00', 0, NULL, NULL),
(1209, 44, '2024-08-11', '12:00:00', 0, NULL, NULL),
(1210, 44, '2024-08-11', '15:00:00', 0, NULL, NULL),
(1211, 44, '2024-08-11', '17:00:00', 0, NULL, NULL),
(1212, 44, '2024-08-12', '08:00:00', 0, NULL, NULL),
(1213, 44, '2024-08-12', '12:00:00', 0, NULL, NULL),
(1214, 44, '2024-08-12', '15:00:00', 0, NULL, NULL),
(1215, 44, '2024-08-12', '17:00:00', 0, NULL, NULL),
(1216, 44, '2024-08-13', '08:00:00', 0, NULL, NULL),
(1217, 44, '2024-08-13', '12:00:00', 0, NULL, NULL),
(1218, 44, '2024-08-13', '15:00:00', 0, NULL, NULL),
(1219, 44, '2024-08-13', '17:00:00', 0, NULL, NULL),
(1220, 44, '2024-08-14', '08:00:00', 0, NULL, NULL),
(1221, 44, '2024-08-14', '12:00:00', 0, NULL, NULL),
(1222, 44, '2024-08-14', '15:00:00', 0, NULL, NULL),
(1223, 44, '2024-08-14', '17:00:00', 0, NULL, NULL),
(1224, 44, '2024-08-15', '08:00:00', 0, NULL, NULL),
(1225, 44, '2024-08-15', '12:00:00', 0, NULL, NULL),
(1226, 44, '2024-08-15', '15:00:00', 0, NULL, NULL),
(1227, 44, '2024-08-15', '17:00:00', 0, NULL, NULL),
(1228, 44, '2024-08-16', '08:00:00', 0, NULL, NULL),
(1229, 44, '2024-08-16', '12:00:00', 0, NULL, NULL),
(1230, 44, '2024-08-16', '15:00:00', 0, NULL, NULL),
(1231, 44, '2024-08-16', '17:00:00', 0, NULL, NULL),
(1232, 44, '2024-08-17', '08:00:00', 0, NULL, NULL),
(1233, 44, '2024-08-17', '12:00:00', 0, NULL, NULL),
(1234, 44, '2024-08-17', '15:00:00', 0, NULL, NULL),
(1235, 44, '2024-08-17', '17:00:00', 0, NULL, NULL),
(1236, 44, '2024-08-18', '08:00:00', 0, NULL, NULL),
(1237, 44, '2024-08-18', '12:00:00', 0, NULL, NULL),
(1238, 44, '2024-08-18', '15:00:00', 0, NULL, NULL),
(1239, 44, '2024-08-18', '17:00:00', 0, NULL, NULL),
(1240, 44, '2024-08-19', '08:00:00', 0, NULL, NULL),
(1241, 44, '2024-08-19', '12:00:00', 0, NULL, NULL),
(1242, 44, '2024-08-19', '15:00:00', 0, NULL, NULL),
(1243, 44, '2024-08-19', '17:00:00', 0, NULL, NULL),
(1244, 44, '2024-08-20', '08:00:00', 0, NULL, NULL),
(1245, 44, '2024-08-20', '12:00:00', 0, NULL, NULL),
(1246, 44, '2024-08-20', '15:00:00', 0, NULL, NULL),
(1247, 44, '2024-08-20', '17:00:00', 0, NULL, NULL),
(1248, 44, '2024-08-21', '08:00:00', 0, NULL, NULL),
(1249, 44, '2024-08-21', '12:00:00', 0, NULL, NULL),
(1250, 44, '2024-08-21', '15:00:00', 0, NULL, NULL),
(1251, 44, '2024-08-21', '17:00:00', 0, NULL, NULL),
(1252, 44, '2024-08-22', '08:00:00', 0, NULL, NULL),
(1253, 44, '2024-08-22', '12:00:00', 0, NULL, NULL),
(1254, 44, '2024-08-22', '15:00:00', 0, NULL, NULL),
(1255, 44, '2024-08-22', '17:00:00', 0, NULL, NULL),
(1256, 44, '2024-08-23', '08:00:00', 0, NULL, NULL),
(1257, 44, '2024-08-23', '12:00:00', 0, NULL, NULL),
(1258, 44, '2024-08-23', '15:00:00', 0, NULL, NULL),
(1259, 44, '2024-08-23', '17:00:00', 0, NULL, NULL),
(1260, 44, '2024-08-24', '08:00:00', 0, NULL, NULL),
(1261, 44, '2024-08-24', '12:00:00', 0, NULL, NULL),
(1262, 44, '2024-08-24', '15:00:00', 0, NULL, NULL),
(1263, 44, '2024-08-24', '17:00:00', 0, NULL, NULL),
(1264, 44, '2024-08-25', '08:00:00', 0, NULL, NULL),
(1265, 44, '2024-08-25', '12:00:00', 0, NULL, NULL),
(1266, 44, '2024-08-25', '15:00:00', 0, NULL, NULL),
(1267, 44, '2024-08-25', '17:00:00', 0, NULL, NULL),
(1268, 44, '2024-08-26', '08:00:00', 0, NULL, NULL),
(1269, 44, '2024-08-26', '12:00:00', 0, NULL, NULL),
(1270, 44, '2024-08-26', '15:00:00', 0, NULL, NULL),
(1271, 44, '2024-08-26', '17:00:00', 0, NULL, NULL),
(1272, 44, '2024-08-27', '08:00:00', 0, NULL, NULL),
(1273, 44, '2024-08-27', '12:00:00', 0, NULL, NULL),
(1274, 44, '2024-08-27', '15:00:00', 0, NULL, NULL),
(1275, 44, '2024-08-27', '17:00:00', 0, NULL, NULL),
(1276, 44, '2024-08-28', '08:00:00', 0, NULL, NULL),
(1277, 44, '2024-08-28', '12:00:00', 0, NULL, NULL),
(1278, 44, '2024-08-28', '15:00:00', 0, NULL, NULL),
(1279, 44, '2024-08-28', '17:00:00', 0, NULL, NULL),
(1280, 44, '2024-08-29', '08:00:00', 0, NULL, NULL),
(1281, 44, '2024-08-29', '12:00:00', 0, NULL, NULL),
(1282, 44, '2024-08-29', '15:00:00', 0, NULL, NULL),
(1283, 44, '2024-08-29', '17:00:00', 0, NULL, NULL),
(1284, 44, '2024-08-30', '08:00:00', 0, NULL, NULL),
(1285, 44, '2024-08-30', '12:00:00', 0, NULL, NULL),
(1286, 44, '2024-08-30', '15:00:00', 0, NULL, NULL),
(1287, 44, '2024-08-30', '17:00:00', 0, NULL, NULL),
(1288, 44, '2024-08-31', '08:00:00', 0, NULL, NULL),
(1289, 44, '2024-08-31', '12:00:00', 0, NULL, NULL),
(1290, 44, '2024-08-31', '15:00:00', 0, NULL, NULL),
(1291, 44, '2024-08-31', '17:00:00', 0, NULL, NULL),
(1292, 44, '2024-09-01', '08:00:00', 0, NULL, NULL),
(1293, 44, '2024-09-01', '12:00:00', 0, NULL, NULL),
(1294, 44, '2024-09-01', '15:00:00', 0, NULL, NULL),
(1295, 44, '2024-09-01', '17:00:00', 0, NULL, NULL),
(1296, 44, '2024-09-02', '08:00:00', 0, NULL, NULL),
(1297, 44, '2024-09-02', '12:00:00', 0, NULL, NULL),
(1298, 44, '2024-09-02', '15:00:00', 0, NULL, NULL),
(1299, 44, '2024-09-02', '17:00:00', 0, NULL, NULL),
(1300, 44, '2024-09-03', '08:00:00', 0, NULL, NULL),
(1301, 44, '2024-09-03', '12:00:00', 0, NULL, NULL),
(1302, 44, '2024-09-03', '15:00:00', 0, NULL, NULL),
(1303, 44, '2024-09-03', '17:00:00', 0, NULL, NULL),
(1304, 44, '2024-09-04', '08:00:00', 0, NULL, NULL),
(1305, 44, '2024-09-04', '12:00:00', 0, NULL, NULL),
(1306, 44, '2024-09-04', '15:00:00', 0, NULL, NULL),
(1307, 44, '2024-09-04', '17:00:00', 0, NULL, NULL),
(1308, 44, '2024-09-05', '08:00:00', 0, NULL, NULL),
(1309, 44, '2024-09-05', '12:00:00', 0, NULL, NULL),
(1310, 44, '2024-09-05', '15:00:00', 0, NULL, NULL),
(1311, 44, '2024-09-05', '17:00:00', 0, NULL, NULL),
(1312, 44, '2024-09-06', '08:00:00', 0, NULL, NULL),
(1313, 44, '2024-09-06', '12:00:00', 0, NULL, NULL),
(1314, 44, '2024-09-06', '15:00:00', 0, NULL, NULL),
(1315, 44, '2024-09-06', '17:00:00', 0, NULL, NULL),
(1316, 44, '2024-09-07', '08:00:00', 0, NULL, NULL),
(1317, 44, '2024-09-07', '12:00:00', 0, NULL, NULL),
(1318, 44, '2024-09-07', '15:00:00', 0, NULL, NULL),
(1319, 44, '2024-09-07', '17:00:00', 0, NULL, NULL),
(1320, 44, '2024-09-08', '08:00:00', 0, NULL, NULL),
(1321, 44, '2024-09-08', '12:00:00', 0, NULL, NULL),
(1322, 44, '2024-09-08', '15:00:00', 0, NULL, NULL),
(1323, 44, '2024-09-08', '17:00:00', 0, NULL, NULL),
(1324, 44, '2024-09-09', '08:00:00', 0, NULL, NULL),
(1325, 44, '2024-09-09', '12:00:00', 0, NULL, NULL),
(1326, 44, '2024-09-09', '15:00:00', 0, NULL, NULL),
(1327, 44, '2024-09-09', '17:00:00', 0, NULL, NULL),
(1328, 44, '2024-09-10', '08:00:00', 0, NULL, NULL),
(1329, 44, '2024-09-10', '12:00:00', 0, NULL, NULL),
(1330, 44, '2024-09-10', '15:00:00', 0, NULL, NULL),
(1331, 44, '2024-09-10', '17:00:00', 0, NULL, NULL),
(1332, 44, '2024-09-11', '08:00:00', 0, NULL, NULL),
(1333, 44, '2024-09-11', '12:00:00', 0, NULL, NULL),
(1334, 44, '2024-09-11', '15:00:00', 0, NULL, NULL),
(1335, 44, '2024-09-11', '17:00:00', 0, NULL, NULL),
(1336, 44, '2024-09-12', '08:00:00', 0, NULL, NULL),
(1337, 44, '2024-09-12', '12:00:00', 0, NULL, NULL),
(1338, 44, '2024-09-12', '15:00:00', 0, NULL, NULL),
(1339, 44, '2024-09-12', '17:00:00', 0, NULL, NULL),
(1340, 44, '2024-09-13', '08:00:00', 0, NULL, NULL),
(1341, 44, '2024-09-13', '12:00:00', 0, NULL, NULL),
(1342, 44, '2024-09-13', '15:00:00', 0, NULL, NULL),
(1343, 44, '2024-09-13', '17:00:00', 0, NULL, NULL),
(1344, 44, '2024-09-14', '08:00:00', 0, NULL, NULL),
(1345, 44, '2024-09-14', '12:00:00', 0, NULL, NULL),
(1346, 44, '2024-09-14', '15:00:00', 0, NULL, NULL),
(1347, 44, '2024-09-14', '17:00:00', 0, NULL, NULL),
(1348, 44, '2024-09-15', '08:00:00', 0, NULL, NULL),
(1349, 44, '2024-09-15', '12:00:00', 0, NULL, NULL),
(1350, 44, '2024-09-15', '15:00:00', 0, NULL, NULL),
(1351, 44, '2024-09-15', '17:00:00', 0, NULL, NULL),
(1352, 44, '2024-09-16', '08:00:00', 0, NULL, NULL),
(1353, 44, '2024-09-16', '12:00:00', 0, NULL, NULL),
(1354, 44, '2024-09-16', '15:00:00', 0, NULL, NULL),
(1355, 44, '2024-09-16', '17:00:00', 0, NULL, NULL),
(1356, 44, '2024-09-17', '08:00:00', 0, NULL, NULL),
(1357, 44, '2024-09-17', '12:00:00', 0, NULL, NULL),
(1358, 44, '2024-09-17', '15:00:00', 0, NULL, NULL),
(1359, 44, '2024-09-17', '17:00:00', 0, NULL, NULL),
(1360, 44, '2024-09-18', '08:00:00', 0, NULL, NULL),
(1361, 44, '2024-09-18', '12:00:00', 0, NULL, NULL),
(1362, 44, '2024-09-18', '15:00:00', 0, NULL, NULL),
(1363, 44, '2024-09-18', '17:00:00', 0, NULL, NULL),
(1364, 44, '2024-09-19', '08:00:00', 0, NULL, NULL),
(1365, 44, '2024-09-19', '12:00:00', 0, NULL, NULL),
(1366, 44, '2024-09-19', '15:00:00', 0, NULL, NULL),
(1367, 44, '2024-09-19', '17:00:00', 0, NULL, NULL),
(1368, 44, '2024-09-20', '08:00:00', 0, NULL, NULL),
(1369, 44, '2024-09-20', '12:00:00', 0, NULL, NULL),
(1370, 44, '2024-09-20', '15:00:00', 0, NULL, NULL),
(1371, 44, '2024-09-20', '17:00:00', 0, NULL, NULL),
(1372, 44, '2024-09-21', '08:00:00', 0, NULL, NULL),
(1373, 44, '2024-09-21', '12:00:00', 0, NULL, NULL),
(1374, 44, '2024-09-21', '15:00:00', 0, NULL, NULL),
(1375, 44, '2024-09-21', '17:00:00', 0, NULL, NULL),
(1376, 44, '2024-09-22', '08:00:00', 0, NULL, NULL),
(1377, 44, '2024-09-22', '12:00:00', 0, NULL, NULL),
(1378, 44, '2024-09-22', '15:00:00', 0, NULL, NULL),
(1379, 44, '2024-09-22', '17:00:00', 0, NULL, NULL),
(1380, 44, '2024-09-23', '08:00:00', 0, NULL, NULL),
(1381, 44, '2024-09-23', '12:00:00', 0, NULL, NULL),
(1382, 44, '2024-09-23', '15:00:00', 0, NULL, NULL),
(1383, 44, '2024-09-23', '17:00:00', 0, NULL, NULL),
(1384, 44, '2024-09-24', '08:00:00', 0, NULL, NULL),
(1385, 44, '2024-09-24', '12:00:00', 0, NULL, NULL),
(1386, 44, '2024-09-24', '15:00:00', 0, NULL, NULL),
(1387, 44, '2024-09-24', '17:00:00', 0, NULL, NULL),
(1388, 44, '2024-09-25', '08:00:00', 0, NULL, NULL),
(1389, 44, '2024-09-25', '12:00:00', 0, NULL, NULL),
(1390, 44, '2024-09-25', '15:00:00', 0, NULL, NULL),
(1391, 44, '2024-09-25', '17:00:00', 0, NULL, NULL),
(1392, 44, '2024-09-26', '08:00:00', 0, NULL, NULL),
(1393, 44, '2024-09-26', '12:00:00', 0, NULL, NULL),
(1394, 44, '2024-09-26', '15:00:00', 0, NULL, NULL),
(1395, 44, '2024-09-26', '17:00:00', 0, NULL, NULL),
(1396, 44, '2024-09-27', '08:00:00', 0, NULL, NULL),
(1397, 44, '2024-09-27', '12:00:00', 0, NULL, NULL),
(1398, 44, '2024-09-27', '15:00:00', 0, NULL, NULL),
(1399, 44, '2024-09-27', '17:00:00', 0, NULL, NULL),
(1400, 44, '2024-09-28', '08:00:00', 0, NULL, NULL),
(1401, 44, '2024-09-28', '12:00:00', 0, NULL, NULL),
(1402, 44, '2024-09-28', '15:00:00', 0, NULL, NULL),
(1403, 44, '2024-09-28', '17:00:00', 0, NULL, NULL),
(1404, 44, '2024-09-29', '08:00:00', 0, NULL, NULL),
(1405, 44, '2024-09-29', '12:00:00', 0, NULL, NULL),
(1406, 44, '2024-09-29', '15:00:00', 0, NULL, NULL),
(1407, 44, '2024-09-29', '17:00:00', 0, NULL, NULL),
(1408, 44, '2024-09-30', '08:00:00', 0, NULL, NULL),
(1409, 44, '2024-09-30', '12:00:00', 0, NULL, NULL),
(1410, 44, '2024-09-30', '15:00:00', 0, NULL, NULL),
(1411, 44, '2024-09-30', '17:00:00', 0, NULL, NULL),
(1412, 44, '2024-10-01', '08:00:00', 0, NULL, NULL),
(1413, 44, '2024-10-01', '12:00:00', 0, NULL, NULL),
(1414, 44, '2024-10-01', '15:00:00', 0, NULL, NULL),
(1415, 44, '2024-10-01', '17:00:00', 0, NULL, NULL),
(1416, 44, '2024-10-02', '08:00:00', 0, NULL, NULL),
(1417, 44, '2024-10-02', '12:00:00', 0, NULL, NULL),
(1418, 44, '2024-10-02', '15:00:00', 0, NULL, NULL),
(1419, 44, '2024-10-02', '17:00:00', 0, NULL, NULL),
(1420, 44, '2024-10-03', '08:00:00', 0, NULL, NULL),
(1421, 44, '2024-10-03', '12:00:00', 0, NULL, NULL),
(1422, 44, '2024-10-03', '15:00:00', 0, NULL, NULL),
(1423, 44, '2024-10-03', '17:00:00', 0, NULL, NULL),
(1424, 44, '2024-10-04', '08:00:00', 0, NULL, NULL),
(1425, 44, '2024-10-04', '12:00:00', 0, NULL, NULL),
(1426, 44, '2024-10-04', '15:00:00', 0, NULL, NULL),
(1427, 44, '2024-10-04', '17:00:00', 0, NULL, NULL),
(1428, 44, '2024-10-05', '08:00:00', 0, NULL, NULL),
(1429, 44, '2024-10-05', '12:00:00', 0, NULL, NULL),
(1430, 44, '2024-10-05', '15:00:00', 0, NULL, NULL),
(1431, 44, '2024-10-05', '17:00:00', 0, NULL, NULL),
(1432, 44, '2024-10-06', '08:00:00', 0, NULL, NULL),
(1433, 44, '2024-10-06', '12:00:00', 0, NULL, NULL),
(1434, 44, '2024-10-06', '15:00:00', 0, NULL, NULL),
(1435, 44, '2024-10-06', '17:00:00', 0, NULL, NULL),
(1436, 44, '2024-10-07', '08:00:00', 0, NULL, NULL),
(1437, 44, '2024-10-07', '12:00:00', 0, NULL, NULL),
(1438, 44, '2024-10-07', '15:00:00', 0, NULL, NULL),
(1439, 44, '2024-10-07', '17:00:00', 0, NULL, NULL),
(1440, 44, '2024-10-08', '08:00:00', 0, NULL, NULL),
(1441, 44, '2024-10-08', '12:00:00', 0, NULL, NULL),
(1442, 44, '2024-10-08', '15:00:00', 0, NULL, NULL),
(1443, 44, '2024-10-08', '17:00:00', 0, NULL, NULL),
(1444, 44, '2024-10-09', '08:00:00', 0, NULL, NULL),
(1445, 44, '2024-10-09', '12:00:00', 0, NULL, NULL),
(1446, 44, '2024-10-09', '15:00:00', 0, NULL, NULL),
(1447, 44, '2024-10-09', '17:00:00', 0, NULL, NULL),
(1448, 44, '2024-10-10', '08:00:00', 0, NULL, NULL),
(1449, 44, '2024-10-10', '12:00:00', 0, NULL, NULL),
(1450, 44, '2024-10-10', '15:00:00', 0, NULL, NULL),
(1451, 44, '2024-10-10', '17:00:00', 0, NULL, NULL),
(1452, 44, '2024-10-11', '08:00:00', 0, NULL, NULL),
(1453, 44, '2024-10-11', '12:00:00', 0, NULL, NULL),
(1454, 44, '2024-10-11', '15:00:00', 0, NULL, NULL),
(1455, 44, '2024-10-11', '17:00:00', 0, NULL, NULL),
(1456, 44, '2024-10-12', '08:00:00', 0, NULL, NULL),
(1457, 44, '2024-10-12', '12:00:00', 0, NULL, NULL),
(1458, 44, '2024-10-12', '15:00:00', 0, NULL, NULL),
(1459, 44, '2024-10-12', '17:00:00', 0, NULL, NULL),
(1460, 44, '2024-10-13', '08:00:00', 0, NULL, NULL),
(1461, 44, '2024-10-13', '12:00:00', 0, NULL, NULL),
(1462, 44, '2024-10-13', '15:00:00', 0, NULL, NULL),
(1463, 44, '2024-10-13', '17:00:00', 0, NULL, NULL),
(1464, 44, '2024-10-14', '08:00:00', 0, NULL, NULL),
(1465, 44, '2024-10-14', '12:00:00', 0, NULL, NULL),
(1466, 44, '2024-10-14', '15:00:00', 0, NULL, NULL),
(1467, 44, '2024-10-14', '17:00:00', 0, NULL, NULL),
(1468, 44, '2024-10-15', '08:00:00', 0, NULL, NULL),
(1469, 44, '2024-10-15', '12:00:00', 0, NULL, NULL),
(1470, 44, '2024-10-15', '15:00:00', 0, NULL, NULL),
(1471, 44, '2024-10-15', '17:00:00', 0, NULL, NULL),
(1472, 44, '2024-10-16', '08:00:00', 0, NULL, NULL),
(1473, 44, '2024-10-16', '12:00:00', 0, NULL, NULL),
(1474, 44, '2024-10-16', '15:00:00', 0, NULL, NULL),
(1475, 44, '2024-10-16', '17:00:00', 0, NULL, NULL),
(1476, 44, '2024-10-17', '08:00:00', 0, NULL, NULL),
(1477, 44, '2024-10-17', '12:00:00', 0, NULL, NULL),
(1478, 44, '2024-10-17', '15:00:00', 0, NULL, NULL),
(1479, 44, '2024-10-17', '17:00:00', 0, NULL, NULL),
(1480, 44, '2024-10-18', '08:00:00', 0, NULL, NULL),
(1481, 44, '2024-10-18', '12:00:00', 0, NULL, NULL),
(1482, 44, '2024-10-18', '15:00:00', 0, NULL, NULL),
(1483, 44, '2024-10-18', '17:00:00', 0, NULL, NULL),
(1484, 44, '2024-10-19', '08:00:00', 0, NULL, NULL),
(1485, 44, '2024-10-19', '12:00:00', 0, NULL, NULL),
(1486, 44, '2024-10-19', '15:00:00', 0, NULL, NULL),
(1487, 44, '2024-10-19', '17:00:00', 0, NULL, NULL),
(1488, 45, '2023-10-22', '08:00:00', 0, NULL, NULL),
(1489, 45, '2023-10-22', '12:00:00', 0, NULL, NULL),
(1490, 45, '2023-10-22', '15:00:00', 0, NULL, NULL),
(1491, 45, '2023-10-22', '17:00:00', 0, NULL, NULL),
(1492, 45, '2023-10-23', '08:00:00', 0, NULL, NULL),
(1493, 45, '2023-10-23', '12:00:00', 0, NULL, NULL),
(1494, 45, '2023-10-23', '15:00:00', 0, NULL, NULL),
(1495, 45, '2023-10-23', '17:00:00', 0, NULL, NULL),
(1496, 45, '2023-10-24', '08:00:00', 0, NULL, NULL),
(1497, 45, '2023-10-24', '12:00:00', 0, NULL, NULL),
(1498, 45, '2023-10-24', '15:00:00', 0, NULL, NULL),
(1499, 45, '2023-10-24', '17:00:00', 0, NULL, NULL),
(1500, 45, '2023-10-25', '08:00:00', 0, NULL, NULL),
(1501, 45, '2023-10-25', '12:00:00', 0, NULL, NULL),
(1502, 45, '2023-10-25', '15:00:00', 0, NULL, NULL),
(1503, 45, '2023-10-25', '17:00:00', 0, NULL, NULL),
(1504, 45, '2023-10-26', '08:00:00', 0, NULL, NULL),
(1505, 45, '2023-10-26', '12:00:00', 0, NULL, NULL),
(1506, 45, '2023-10-26', '15:00:00', 0, NULL, NULL),
(1507, 45, '2023-10-26', '17:00:00', 0, NULL, NULL),
(1508, 45, '2023-10-27', '08:00:00', 0, NULL, NULL),
(1509, 45, '2023-10-27', '12:00:00', 0, NULL, NULL),
(1510, 45, '2023-10-27', '15:00:00', 0, NULL, NULL),
(1511, 45, '2023-10-27', '17:00:00', 0, NULL, NULL),
(1512, 45, '2023-10-28', '08:00:00', 0, NULL, NULL),
(1513, 45, '2023-10-28', '12:00:00', 0, NULL, NULL),
(1514, 45, '2023-10-28', '15:00:00', 0, NULL, NULL),
(1515, 45, '2023-10-28', '17:00:00', 0, NULL, NULL),
(1516, 45, '2023-10-29', '08:00:00', 0, NULL, NULL),
(1517, 45, '2023-10-29', '12:00:00', 0, NULL, NULL),
(1518, 45, '2023-10-29', '15:00:00', 0, NULL, NULL),
(1519, 45, '2023-10-29', '17:00:00', 0, NULL, NULL),
(1520, 45, '2023-10-30', '08:00:00', 0, NULL, NULL),
(1521, 45, '2023-10-30', '12:00:00', 0, NULL, NULL),
(1522, 45, '2023-10-30', '15:00:00', 0, NULL, NULL),
(1523, 45, '2023-10-30', '17:00:00', 0, NULL, NULL),
(1524, 45, '2023-10-31', '08:00:00', 0, NULL, NULL),
(1525, 45, '2023-10-31', '12:00:00', 0, NULL, NULL),
(1526, 45, '2023-10-31', '15:00:00', 0, NULL, NULL),
(1527, 45, '2023-10-31', '17:00:00', 0, NULL, NULL),
(1528, 45, '2023-11-01', '08:00:00', 0, NULL, NULL),
(1529, 45, '2023-11-01', '12:00:00', 0, NULL, NULL),
(1530, 45, '2023-11-01', '15:00:00', 0, NULL, NULL),
(1531, 45, '2023-11-01', '17:00:00', 0, NULL, NULL),
(1532, 45, '2023-11-02', '08:00:00', 0, NULL, NULL),
(1533, 45, '2023-11-02', '12:00:00', 0, NULL, NULL),
(1534, 45, '2023-11-02', '15:00:00', 0, NULL, NULL),
(1535, 45, '2023-11-02', '17:00:00', 0, NULL, NULL),
(1536, 45, '2023-11-03', '08:00:00', 0, NULL, NULL),
(1537, 45, '2023-11-03', '12:00:00', 0, NULL, NULL),
(1538, 45, '2023-11-03', '15:00:00', 0, NULL, NULL),
(1539, 45, '2023-11-03', '17:00:00', 0, NULL, NULL),
(1540, 45, '2023-11-04', '08:00:00', 0, NULL, NULL),
(1541, 45, '2023-11-04', '12:00:00', 0, NULL, NULL),
(1542, 45, '2023-11-04', '15:00:00', 0, NULL, NULL),
(1543, 45, '2023-11-04', '17:00:00', 0, NULL, NULL),
(1544, 45, '2023-11-05', '08:00:00', 0, NULL, NULL),
(1545, 45, '2023-11-05', '12:00:00', 0, NULL, NULL),
(1546, 45, '2023-11-05', '15:00:00', 0, NULL, NULL),
(1547, 45, '2023-11-05', '17:00:00', 0, NULL, NULL),
(1548, 45, '2023-11-06', '08:00:00', 0, NULL, NULL),
(1549, 45, '2023-11-06', '12:00:00', 0, NULL, NULL),
(1550, 45, '2023-11-06', '15:00:00', 0, NULL, NULL),
(1551, 45, '2023-11-06', '17:00:00', 0, NULL, NULL),
(1552, 45, '2023-11-07', '08:00:00', 0, NULL, NULL),
(1553, 45, '2023-11-07', '12:00:00', 0, NULL, NULL),
(1554, 45, '2023-11-07', '15:00:00', 0, NULL, NULL),
(1555, 45, '2023-11-07', '17:00:00', 0, NULL, NULL),
(1556, 45, '2023-11-08', '08:00:00', 0, NULL, NULL),
(1557, 45, '2023-11-08', '12:00:00', 0, NULL, NULL),
(1558, 45, '2023-11-08', '15:00:00', 0, NULL, NULL),
(1559, 45, '2023-11-08', '17:00:00', 0, NULL, NULL),
(1560, 45, '2023-11-09', '08:00:00', 0, NULL, NULL),
(1561, 45, '2023-11-09', '12:00:00', 0, NULL, NULL),
(1562, 45, '2023-11-09', '15:00:00', 0, NULL, NULL),
(1563, 45, '2023-11-09', '17:00:00', 0, NULL, NULL),
(1564, 45, '2023-11-10', '08:00:00', 0, NULL, NULL),
(1565, 45, '2023-11-10', '12:00:00', 0, NULL, NULL),
(1566, 45, '2023-11-10', '15:00:00', 0, NULL, NULL),
(1567, 45, '2023-11-10', '17:00:00', 0, NULL, NULL),
(1568, 45, '2023-11-11', '08:00:00', 0, NULL, NULL),
(1569, 45, '2023-11-11', '12:00:00', 0, NULL, NULL),
(1570, 45, '2023-11-11', '15:00:00', 0, NULL, NULL),
(1571, 45, '2023-11-11', '17:00:00', 0, NULL, NULL),
(1572, 45, '2023-11-12', '08:00:00', 0, NULL, NULL),
(1573, 45, '2023-11-12', '12:00:00', 0, NULL, NULL),
(1574, 45, '2023-11-12', '15:00:00', 0, NULL, NULL),
(1575, 45, '2023-11-12', '17:00:00', 0, NULL, NULL),
(1576, 45, '2023-11-13', '08:00:00', 0, NULL, NULL),
(1577, 45, '2023-11-13', '12:00:00', 0, NULL, NULL),
(1578, 45, '2023-11-13', '15:00:00', 0, NULL, NULL),
(1579, 45, '2023-11-13', '17:00:00', 0, NULL, NULL),
(1580, 45, '2023-11-14', '08:00:00', 0, NULL, NULL),
(1581, 45, '2023-11-14', '12:00:00', 0, NULL, NULL),
(1582, 45, '2023-11-14', '15:00:00', 0, NULL, NULL),
(1583, 45, '2023-11-14', '17:00:00', 0, NULL, NULL),
(1584, 45, '2023-11-15', '08:00:00', 0, NULL, NULL),
(1585, 45, '2023-11-15', '12:00:00', 0, NULL, NULL),
(1586, 45, '2023-11-15', '15:00:00', 0, NULL, NULL),
(1587, 45, '2023-11-15', '17:00:00', 0, NULL, NULL),
(1588, 45, '2023-11-16', '08:00:00', 0, NULL, NULL),
(1589, 45, '2023-11-16', '12:00:00', 0, NULL, NULL),
(1590, 45, '2023-11-16', '15:00:00', 0, NULL, NULL),
(1591, 45, '2023-11-16', '17:00:00', 0, NULL, NULL),
(1592, 45, '2023-11-17', '08:00:00', 0, NULL, NULL),
(1593, 45, '2023-11-17', '12:00:00', 0, NULL, NULL),
(1594, 45, '2023-11-17', '15:00:00', 0, NULL, NULL),
(1595, 45, '2023-11-17', '17:00:00', 0, NULL, NULL),
(1596, 45, '2023-11-18', '08:00:00', 0, NULL, NULL),
(1597, 45, '2023-11-18', '12:00:00', 0, NULL, NULL),
(1598, 45, '2023-11-18', '15:00:00', 0, NULL, NULL),
(1599, 45, '2023-11-18', '17:00:00', 0, NULL, NULL),
(1600, 45, '2023-11-19', '08:00:00', 0, NULL, NULL),
(1601, 45, '2023-11-19', '12:00:00', 0, NULL, NULL),
(1602, 45, '2023-11-19', '15:00:00', 0, NULL, NULL),
(1603, 45, '2023-11-19', '17:00:00', 0, NULL, NULL),
(1604, 45, '2023-11-20', '08:00:00', 0, NULL, NULL),
(1605, 45, '2023-11-20', '12:00:00', 0, NULL, NULL),
(1606, 45, '2023-11-20', '15:00:00', 0, NULL, NULL),
(1607, 45, '2023-11-20', '17:00:00', 0, NULL, NULL),
(1608, 45, '2023-11-21', '08:00:00', 0, NULL, NULL),
(1609, 45, '2023-11-21', '12:00:00', 0, NULL, NULL),
(1610, 45, '2023-11-21', '15:00:00', 0, NULL, NULL),
(1611, 45, '2023-11-21', '17:00:00', 0, NULL, NULL),
(1612, 45, '2023-11-22', '08:00:00', 0, NULL, NULL),
(1613, 45, '2023-11-22', '12:00:00', 0, NULL, NULL),
(1614, 45, '2023-11-22', '15:00:00', 0, NULL, NULL),
(1615, 45, '2023-11-22', '17:00:00', 0, NULL, NULL),
(1616, 45, '2023-11-23', '08:00:00', 0, NULL, NULL),
(1617, 45, '2023-11-23', '12:00:00', 0, NULL, NULL),
(1618, 45, '2023-11-23', '15:00:00', 0, NULL, NULL),
(1619, 45, '2023-11-23', '17:00:00', 0, NULL, NULL),
(1620, 45, '2023-11-24', '08:00:00', 0, NULL, NULL),
(1621, 45, '2023-11-24', '12:00:00', 0, NULL, NULL),
(1622, 45, '2023-11-24', '15:00:00', 0, NULL, NULL),
(1623, 45, '2023-11-24', '17:00:00', 0, NULL, NULL),
(1624, 45, '2023-11-25', '08:00:00', 0, NULL, NULL),
(1625, 45, '2023-11-25', '12:00:00', 0, NULL, NULL),
(1626, 45, '2023-11-25', '15:00:00', 0, NULL, NULL),
(1627, 45, '2023-11-25', '17:00:00', 0, NULL, NULL),
(1628, 45, '2023-11-26', '08:00:00', 0, NULL, NULL),
(1629, 45, '2023-11-26', '12:00:00', 0, NULL, NULL),
(1630, 45, '2023-11-26', '15:00:00', 0, NULL, NULL),
(1631, 45, '2023-11-26', '17:00:00', 0, NULL, NULL),
(1632, 45, '2023-11-27', '08:00:00', 0, NULL, NULL),
(1633, 45, '2023-11-27', '12:00:00', 0, NULL, NULL),
(1634, 45, '2023-11-27', '15:00:00', 0, NULL, NULL),
(1635, 45, '2023-11-27', '17:00:00', 0, NULL, NULL),
(1636, 45, '2023-11-28', '08:00:00', 0, NULL, NULL),
(1637, 45, '2023-11-28', '12:00:00', 0, NULL, NULL),
(1638, 45, '2023-11-28', '15:00:00', 0, NULL, NULL),
(1639, 45, '2023-11-28', '17:00:00', 0, NULL, NULL),
(1640, 45, '2023-11-29', '08:00:00', 0, NULL, NULL),
(1641, 45, '2023-11-29', '12:00:00', 0, NULL, NULL),
(1642, 45, '2023-11-29', '15:00:00', 0, NULL, NULL),
(1643, 45, '2023-11-29', '17:00:00', 0, NULL, NULL),
(1644, 45, '2023-11-30', '08:00:00', 0, NULL, NULL),
(1645, 45, '2023-11-30', '12:00:00', 0, NULL, NULL),
(1646, 45, '2023-11-30', '15:00:00', 0, NULL, NULL),
(1647, 45, '2023-11-30', '17:00:00', 0, NULL, NULL),
(1648, 45, '2023-12-01', '08:00:00', 0, NULL, NULL),
(1649, 45, '2023-12-01', '12:00:00', 0, NULL, NULL),
(1650, 45, '2023-12-01', '15:00:00', 0, NULL, NULL),
(1651, 45, '2023-12-01', '17:00:00', 0, NULL, NULL),
(1652, 45, '2023-12-02', '08:00:00', 0, NULL, NULL),
(1653, 45, '2023-12-02', '12:00:00', 0, NULL, NULL),
(1654, 45, '2023-12-02', '15:00:00', 0, NULL, NULL),
(1655, 45, '2023-12-02', '17:00:00', 0, NULL, NULL),
(1656, 45, '2023-12-03', '08:00:00', 0, NULL, NULL),
(1657, 45, '2023-12-03', '12:00:00', 0, NULL, NULL),
(1658, 45, '2023-12-03', '15:00:00', 0, NULL, NULL),
(1659, 45, '2023-12-03', '17:00:00', 0, NULL, NULL),
(1660, 45, '2023-12-04', '08:00:00', 0, NULL, NULL),
(1661, 45, '2023-12-04', '12:00:00', 0, NULL, NULL),
(1662, 45, '2023-12-04', '15:00:00', 0, NULL, NULL),
(1663, 45, '2023-12-04', '17:00:00', 0, NULL, NULL),
(1664, 45, '2023-12-05', '08:00:00', 0, NULL, NULL),
(1665, 45, '2023-12-05', '12:00:00', 0, NULL, NULL),
(1666, 45, '2023-12-05', '15:00:00', 0, NULL, NULL),
(1667, 45, '2023-12-05', '17:00:00', 0, NULL, NULL),
(1668, 45, '2023-12-06', '08:00:00', 0, NULL, NULL),
(1669, 45, '2023-12-06', '12:00:00', 0, NULL, NULL),
(1670, 45, '2023-12-06', '15:00:00', 0, NULL, NULL),
(1671, 45, '2023-12-06', '17:00:00', 0, NULL, NULL),
(1672, 45, '2023-12-07', '08:00:00', 0, NULL, NULL),
(1673, 45, '2023-12-07', '12:00:00', 0, NULL, NULL),
(1674, 45, '2023-12-07', '15:00:00', 0, NULL, NULL),
(1675, 45, '2023-12-07', '17:00:00', 0, NULL, NULL),
(1676, 45, '2023-12-08', '08:00:00', 0, NULL, NULL),
(1677, 45, '2023-12-08', '12:00:00', 0, NULL, NULL),
(1678, 45, '2023-12-08', '15:00:00', 0, NULL, NULL),
(1679, 45, '2023-12-08', '17:00:00', 0, NULL, NULL),
(1680, 45, '2023-12-09', '08:00:00', 0, NULL, NULL),
(1681, 45, '2023-12-09', '12:00:00', 0, NULL, NULL),
(1682, 45, '2023-12-09', '15:00:00', 0, NULL, NULL),
(1683, 45, '2023-12-09', '17:00:00', 0, NULL, NULL),
(1684, 45, '2023-12-10', '08:00:00', 0, NULL, NULL),
(1685, 45, '2023-12-10', '12:00:00', 0, NULL, NULL),
(1686, 45, '2023-12-10', '15:00:00', 0, NULL, NULL),
(1687, 45, '2023-12-10', '17:00:00', 0, NULL, NULL),
(1688, 45, '2023-12-11', '08:00:00', 0, NULL, NULL),
(1689, 45, '2023-12-11', '12:00:00', 0, NULL, NULL),
(1690, 45, '2023-12-11', '15:00:00', 0, NULL, NULL),
(1691, 45, '2023-12-11', '17:00:00', 0, NULL, NULL),
(1692, 45, '2023-12-12', '08:00:00', 0, NULL, NULL),
(1693, 45, '2023-12-12', '12:00:00', 0, NULL, NULL),
(1694, 45, '2023-12-12', '15:00:00', 0, NULL, NULL),
(1695, 45, '2023-12-12', '17:00:00', 0, NULL, NULL),
(1696, 45, '2023-12-13', '08:00:00', 0, NULL, NULL),
(1697, 45, '2023-12-13', '12:00:00', 0, NULL, NULL),
(1698, 45, '2023-12-13', '15:00:00', 0, NULL, NULL),
(1699, 45, '2023-12-13', '17:00:00', 0, NULL, NULL),
(1700, 45, '2023-12-14', '08:00:00', 0, NULL, NULL),
(1701, 45, '2023-12-14', '12:00:00', 0, NULL, NULL),
(1702, 45, '2023-12-14', '15:00:00', 0, NULL, NULL),
(1703, 45, '2023-12-14', '17:00:00', 0, NULL, NULL),
(1704, 45, '2023-12-15', '08:00:00', 0, NULL, NULL),
(1705, 45, '2023-12-15', '12:00:00', 0, NULL, NULL),
(1706, 45, '2023-12-15', '15:00:00', 0, NULL, NULL),
(1707, 45, '2023-12-15', '17:00:00', 0, NULL, NULL),
(1708, 45, '2023-12-16', '08:00:00', 0, NULL, NULL),
(1709, 45, '2023-12-16', '12:00:00', 0, NULL, NULL),
(1710, 45, '2023-12-16', '15:00:00', 0, NULL, NULL),
(1711, 45, '2023-12-16', '17:00:00', 0, NULL, NULL),
(1712, 45, '2023-12-17', '08:00:00', 0, NULL, NULL),
(1713, 45, '2023-12-17', '12:00:00', 0, NULL, NULL),
(1714, 45, '2023-12-17', '15:00:00', 0, NULL, NULL),
(1715, 45, '2023-12-17', '17:00:00', 0, NULL, NULL),
(1716, 45, '2023-12-18', '08:00:00', 0, NULL, NULL),
(1717, 45, '2023-12-18', '12:00:00', 0, NULL, NULL),
(1718, 45, '2023-12-18', '15:00:00', 0, NULL, NULL),
(1719, 45, '2023-12-18', '17:00:00', 0, NULL, NULL),
(1720, 45, '2023-12-19', '08:00:00', 0, NULL, NULL),
(1721, 45, '2023-12-19', '12:00:00', 0, NULL, NULL),
(1722, 45, '2023-12-19', '15:00:00', 0, NULL, NULL),
(1723, 45, '2023-12-19', '17:00:00', 0, NULL, NULL),
(1724, 45, '2023-12-20', '08:00:00', 0, NULL, NULL),
(1725, 45, '2023-12-20', '12:00:00', 0, NULL, NULL),
(1726, 45, '2023-12-20', '15:00:00', 0, NULL, NULL),
(1727, 45, '2023-12-20', '17:00:00', 0, NULL, NULL),
(1728, 45, '2023-12-21', '08:00:00', 0, NULL, NULL),
(1729, 45, '2023-12-21', '12:00:00', 0, NULL, NULL),
(1730, 45, '2023-12-21', '15:00:00', 0, NULL, NULL),
(1731, 45, '2023-12-21', '17:00:00', 0, NULL, NULL),
(1732, 45, '2023-12-22', '08:00:00', 0, NULL, NULL),
(1733, 45, '2023-12-22', '12:00:00', 0, NULL, NULL),
(1734, 45, '2023-12-22', '15:00:00', 0, NULL, NULL),
(1735, 45, '2023-12-22', '17:00:00', 0, NULL, NULL),
(1736, 45, '2023-12-23', '08:00:00', 0, NULL, NULL),
(1737, 45, '2023-12-23', '12:00:00', 0, NULL, NULL),
(1738, 45, '2023-12-23', '15:00:00', 0, NULL, NULL),
(1739, 45, '2023-12-23', '17:00:00', 0, NULL, NULL),
(1740, 45, '2023-12-24', '08:00:00', 0, NULL, NULL),
(1741, 45, '2023-12-24', '12:00:00', 0, NULL, NULL),
(1742, 45, '2023-12-24', '15:00:00', 0, NULL, NULL),
(1743, 45, '2023-12-24', '17:00:00', 0, NULL, NULL),
(1744, 45, '2023-12-25', '08:00:00', 0, NULL, NULL),
(1745, 45, '2023-12-25', '12:00:00', 0, NULL, NULL),
(1746, 45, '2023-12-25', '15:00:00', 0, NULL, NULL),
(1747, 45, '2023-12-25', '17:00:00', 0, NULL, NULL),
(1748, 45, '2023-12-26', '08:00:00', 0, NULL, NULL),
(1749, 45, '2023-12-26', '12:00:00', 0, NULL, NULL),
(1750, 45, '2023-12-26', '15:00:00', 0, NULL, NULL),
(1751, 45, '2023-12-26', '17:00:00', 0, NULL, NULL),
(1752, 45, '2023-12-27', '08:00:00', 0, NULL, NULL),
(1753, 45, '2023-12-27', '12:00:00', 0, NULL, NULL),
(1754, 45, '2023-12-27', '15:00:00', 0, NULL, NULL),
(1755, 45, '2023-12-27', '17:00:00', 0, NULL, NULL),
(1756, 45, '2023-12-28', '08:00:00', 0, NULL, NULL),
(1757, 45, '2023-12-28', '12:00:00', 0, NULL, NULL),
(1758, 45, '2023-12-28', '15:00:00', 0, NULL, NULL),
(1759, 45, '2023-12-28', '17:00:00', 0, NULL, NULL),
(1760, 45, '2023-12-29', '08:00:00', 0, NULL, NULL),
(1761, 45, '2023-12-29', '12:00:00', 0, NULL, NULL),
(1762, 45, '2023-12-29', '15:00:00', 0, NULL, NULL),
(1763, 45, '2023-12-29', '17:00:00', 0, NULL, NULL),
(1764, 45, '2023-12-30', '08:00:00', 0, NULL, NULL),
(1765, 45, '2023-12-30', '12:00:00', 0, NULL, NULL),
(1766, 45, '2023-12-30', '15:00:00', 0, NULL, NULL),
(1767, 45, '2023-12-30', '17:00:00', 0, NULL, NULL),
(1768, 45, '2023-12-31', '08:00:00', 0, NULL, NULL),
(1769, 45, '2023-12-31', '12:00:00', 0, NULL, NULL),
(1770, 45, '2023-12-31', '15:00:00', 0, NULL, NULL),
(1771, 45, '2023-12-31', '17:00:00', 0, NULL, NULL),
(1772, 45, '2024-01-01', '08:00:00', 0, NULL, NULL),
(1773, 45, '2024-01-01', '12:00:00', 0, NULL, NULL),
(1774, 45, '2024-01-01', '15:00:00', 0, NULL, NULL),
(1775, 45, '2024-01-01', '17:00:00', 0, NULL, NULL),
(1776, 45, '2024-01-02', '08:00:00', 0, NULL, NULL),
(1777, 45, '2024-01-02', '12:00:00', 0, NULL, NULL),
(1778, 45, '2024-01-02', '15:00:00', 0, NULL, NULL),
(1779, 45, '2024-01-02', '17:00:00', 0, NULL, NULL),
(1780, 45, '2024-01-03', '08:00:00', 0, NULL, NULL),
(1781, 45, '2024-01-03', '12:00:00', 0, NULL, NULL),
(1782, 45, '2024-01-03', '15:00:00', 0, NULL, NULL),
(1783, 45, '2024-01-03', '17:00:00', 0, NULL, NULL),
(1784, 45, '2024-01-04', '08:00:00', 0, NULL, NULL),
(1785, 45, '2024-01-04', '12:00:00', 0, NULL, NULL),
(1786, 45, '2024-01-04', '15:00:00', 0, NULL, NULL),
(1787, 45, '2024-01-04', '17:00:00', 0, NULL, NULL),
(1788, 45, '2024-01-05', '08:00:00', 0, NULL, NULL),
(1789, 45, '2024-01-05', '12:00:00', 0, NULL, NULL),
(1790, 45, '2024-01-05', '15:00:00', 0, NULL, NULL),
(1791, 45, '2024-01-05', '17:00:00', 0, NULL, NULL),
(1792, 45, '2024-01-06', '08:00:00', 0, NULL, NULL),
(1793, 45, '2024-01-06', '12:00:00', 0, NULL, NULL),
(1794, 45, '2024-01-06', '15:00:00', 0, NULL, NULL),
(1795, 45, '2024-01-06', '17:00:00', 0, NULL, NULL),
(1796, 45, '2024-01-07', '08:00:00', 0, NULL, NULL),
(1797, 45, '2024-01-07', '12:00:00', 0, NULL, NULL),
(1798, 45, '2024-01-07', '15:00:00', 0, NULL, NULL),
(1799, 45, '2024-01-07', '17:00:00', 0, NULL, NULL),
(1800, 45, '2024-01-08', '08:00:00', 0, NULL, NULL),
(1801, 45, '2024-01-08', '12:00:00', 0, NULL, NULL),
(1802, 45, '2024-01-08', '15:00:00', 0, NULL, NULL),
(1803, 45, '2024-01-08', '17:00:00', 0, NULL, NULL),
(1804, 45, '2024-01-09', '08:00:00', 0, NULL, NULL),
(1805, 45, '2024-01-09', '12:00:00', 0, NULL, NULL),
(1806, 45, '2024-01-09', '15:00:00', 0, NULL, NULL),
(1807, 45, '2024-01-09', '17:00:00', 0, NULL, NULL),
(1808, 45, '2024-01-10', '08:00:00', 0, NULL, NULL),
(1809, 45, '2024-01-10', '12:00:00', 0, NULL, NULL),
(1810, 45, '2024-01-10', '15:00:00', 0, NULL, NULL),
(1811, 45, '2024-01-10', '17:00:00', 0, NULL, NULL),
(1812, 45, '2024-01-11', '08:00:00', 0, NULL, NULL),
(1813, 45, '2024-01-11', '12:00:00', 0, NULL, NULL),
(1814, 45, '2024-01-11', '15:00:00', 0, NULL, NULL),
(1815, 45, '2024-01-11', '17:00:00', 0, NULL, NULL),
(1816, 45, '2024-01-12', '08:00:00', 0, NULL, NULL),
(1817, 45, '2024-01-12', '12:00:00', 0, NULL, NULL),
(1818, 45, '2024-01-12', '15:00:00', 0, NULL, NULL),
(1819, 45, '2024-01-12', '17:00:00', 0, NULL, NULL),
(1820, 45, '2024-01-13', '08:00:00', 0, NULL, NULL),
(1821, 45, '2024-01-13', '12:00:00', 0, NULL, NULL),
(1822, 45, '2024-01-13', '15:00:00', 0, NULL, NULL),
(1823, 45, '2024-01-13', '17:00:00', 0, NULL, NULL),
(1824, 45, '2024-01-14', '08:00:00', 0, NULL, NULL),
(1825, 45, '2024-01-14', '12:00:00', 0, NULL, NULL),
(1826, 45, '2024-01-14', '15:00:00', 0, NULL, NULL),
(1827, 45, '2024-01-14', '17:00:00', 0, NULL, NULL),
(1828, 45, '2024-01-15', '08:00:00', 0, NULL, NULL),
(1829, 45, '2024-01-15', '12:00:00', 0, NULL, NULL),
(1830, 45, '2024-01-15', '15:00:00', 0, NULL, NULL),
(1831, 45, '2024-01-15', '17:00:00', 0, NULL, NULL),
(1832, 45, '2024-01-16', '08:00:00', 0, NULL, NULL),
(1833, 45, '2024-01-16', '12:00:00', 0, NULL, NULL),
(1834, 45, '2024-01-16', '15:00:00', 0, NULL, NULL),
(1835, 45, '2024-01-16', '17:00:00', 0, NULL, NULL),
(1836, 45, '2024-01-17', '08:00:00', 0, NULL, NULL),
(1837, 45, '2024-01-17', '12:00:00', 0, NULL, NULL),
(1838, 45, '2024-01-17', '15:00:00', 0, NULL, NULL),
(1839, 45, '2024-01-17', '17:00:00', 0, NULL, NULL),
(1840, 45, '2024-01-18', '08:00:00', 0, NULL, NULL),
(1841, 45, '2024-01-18', '12:00:00', 0, NULL, NULL),
(1842, 45, '2024-01-18', '15:00:00', 0, NULL, NULL),
(1843, 45, '2024-01-18', '17:00:00', 0, NULL, NULL),
(1844, 45, '2024-01-19', '08:00:00', 0, NULL, NULL),
(1845, 45, '2024-01-19', '12:00:00', 0, NULL, NULL),
(1846, 45, '2024-01-19', '15:00:00', 0, NULL, NULL),
(1847, 45, '2024-01-19', '17:00:00', 0, NULL, NULL),
(1848, 45, '2024-01-20', '08:00:00', 0, NULL, NULL),
(1849, 45, '2024-01-20', '12:00:00', 0, NULL, NULL),
(1850, 45, '2024-01-20', '15:00:00', 0, NULL, NULL),
(1851, 45, '2024-01-20', '17:00:00', 0, NULL, NULL),
(1852, 45, '2024-01-21', '08:00:00', 0, NULL, NULL),
(1853, 45, '2024-01-21', '12:00:00', 0, NULL, NULL),
(1854, 45, '2024-01-21', '15:00:00', 0, NULL, NULL),
(1855, 45, '2024-01-21', '17:00:00', 0, NULL, NULL),
(1856, 45, '2024-01-22', '08:00:00', 0, NULL, NULL),
(1857, 45, '2024-01-22', '12:00:00', 0, NULL, NULL),
(1858, 45, '2024-01-22', '15:00:00', 0, NULL, NULL),
(1859, 45, '2024-01-22', '17:00:00', 0, NULL, NULL),
(1860, 45, '2024-01-23', '08:00:00', 0, NULL, NULL),
(1861, 45, '2024-01-23', '12:00:00', 0, NULL, NULL),
(1862, 45, '2024-01-23', '15:00:00', 0, NULL, NULL),
(1863, 45, '2024-01-23', '17:00:00', 0, NULL, NULL),
(1864, 45, '2024-01-24', '08:00:00', 0, NULL, NULL),
(1865, 45, '2024-01-24', '12:00:00', 0, NULL, NULL),
(1866, 45, '2024-01-24', '15:00:00', 0, NULL, NULL),
(1867, 45, '2024-01-24', '17:00:00', 0, NULL, NULL),
(1868, 45, '2024-01-25', '08:00:00', 0, NULL, NULL),
(1869, 45, '2024-01-25', '12:00:00', 0, NULL, NULL),
(1870, 45, '2024-01-25', '15:00:00', 0, NULL, NULL),
(1871, 45, '2024-01-25', '17:00:00', 0, NULL, NULL),
(1872, 45, '2024-01-26', '08:00:00', 0, NULL, NULL),
(1873, 45, '2024-01-26', '12:00:00', 0, NULL, NULL),
(1874, 45, '2024-01-26', '15:00:00', 0, NULL, NULL),
(1875, 45, '2024-01-26', '17:00:00', 0, NULL, NULL),
(1876, 45, '2024-01-27', '08:00:00', 0, NULL, NULL),
(1877, 45, '2024-01-27', '12:00:00', 0, NULL, NULL),
(1878, 45, '2024-01-27', '15:00:00', 0, NULL, NULL),
(1879, 45, '2024-01-27', '17:00:00', 0, NULL, NULL),
(1880, 45, '2024-01-28', '08:00:00', 0, NULL, NULL),
(1881, 45, '2024-01-28', '12:00:00', 0, NULL, NULL),
(1882, 45, '2024-01-28', '15:00:00', 0, NULL, NULL),
(1883, 45, '2024-01-28', '17:00:00', 0, NULL, NULL),
(1884, 45, '2024-01-29', '08:00:00', 0, NULL, NULL),
(1885, 45, '2024-01-29', '12:00:00', 0, NULL, NULL),
(1886, 45, '2024-01-29', '15:00:00', 0, NULL, NULL),
(1887, 45, '2024-01-29', '17:00:00', 0, NULL, NULL),
(1888, 45, '2024-01-30', '08:00:00', 0, NULL, NULL),
(1889, 45, '2024-01-30', '12:00:00', 0, NULL, NULL),
(1890, 45, '2024-01-30', '15:00:00', 0, NULL, NULL),
(1891, 45, '2024-01-30', '17:00:00', 0, NULL, NULL),
(1892, 45, '2024-01-31', '08:00:00', 0, NULL, NULL),
(1893, 45, '2024-01-31', '12:00:00', 0, NULL, NULL),
(1894, 45, '2024-01-31', '15:00:00', 0, NULL, NULL),
(1895, 45, '2024-01-31', '17:00:00', 0, NULL, NULL),
(1896, 45, '2024-02-01', '08:00:00', 0, NULL, NULL),
(1897, 45, '2024-02-01', '12:00:00', 0, NULL, NULL),
(1898, 45, '2024-02-01', '15:00:00', 0, NULL, NULL),
(1899, 45, '2024-02-01', '17:00:00', 0, NULL, NULL),
(1900, 45, '2024-02-02', '08:00:00', 0, NULL, NULL),
(1901, 45, '2024-02-02', '12:00:00', 0, NULL, NULL),
(1902, 45, '2024-02-02', '15:00:00', 0, NULL, NULL),
(1903, 45, '2024-02-02', '17:00:00', 0, NULL, NULL),
(1904, 45, '2024-02-03', '08:00:00', 0, NULL, NULL),
(1905, 45, '2024-02-03', '12:00:00', 0, NULL, NULL),
(1906, 45, '2024-02-03', '15:00:00', 0, NULL, NULL),
(1907, 45, '2024-02-03', '17:00:00', 0, NULL, NULL),
(1908, 45, '2024-02-04', '08:00:00', 0, NULL, NULL),
(1909, 45, '2024-02-04', '12:00:00', 0, NULL, NULL),
(1910, 45, '2024-02-04', '15:00:00', 0, NULL, NULL),
(1911, 45, '2024-02-04', '17:00:00', 0, NULL, NULL),
(1912, 45, '2024-02-05', '08:00:00', 0, NULL, NULL),
(1913, 45, '2024-02-05', '12:00:00', 0, NULL, NULL),
(1914, 45, '2024-02-05', '15:00:00', 0, NULL, NULL),
(1915, 45, '2024-02-05', '17:00:00', 0, NULL, NULL),
(1916, 45, '2024-02-06', '08:00:00', 0, NULL, NULL),
(1917, 45, '2024-02-06', '12:00:00', 0, NULL, NULL),
(1918, 45, '2024-02-06', '15:00:00', 0, NULL, NULL),
(1919, 45, '2024-02-06', '17:00:00', 0, NULL, NULL),
(1920, 45, '2024-02-07', '08:00:00', 0, NULL, NULL),
(1921, 45, '2024-02-07', '12:00:00', 0, NULL, NULL),
(1922, 45, '2024-02-07', '15:00:00', 0, NULL, NULL),
(1923, 45, '2024-02-07', '17:00:00', 0, NULL, NULL),
(1924, 45, '2024-02-08', '08:00:00', 0, NULL, NULL),
(1925, 45, '2024-02-08', '12:00:00', 0, NULL, NULL),
(1926, 45, '2024-02-08', '15:00:00', 0, NULL, NULL),
(1927, 45, '2024-02-08', '17:00:00', 0, NULL, NULL),
(1928, 45, '2024-02-09', '08:00:00', 0, NULL, NULL),
(1929, 45, '2024-02-09', '12:00:00', 0, NULL, NULL),
(1930, 45, '2024-02-09', '15:00:00', 0, NULL, NULL),
(1931, 45, '2024-02-09', '17:00:00', 0, NULL, NULL),
(1932, 45, '2024-02-10', '08:00:00', 0, NULL, NULL),
(1933, 45, '2024-02-10', '12:00:00', 0, NULL, NULL),
(1934, 45, '2024-02-10', '15:00:00', 0, NULL, NULL),
(1935, 45, '2024-02-10', '17:00:00', 0, NULL, NULL),
(1936, 45, '2024-02-11', '08:00:00', 0, NULL, NULL),
(1937, 45, '2024-02-11', '12:00:00', 0, NULL, NULL),
(1938, 45, '2024-02-11', '15:00:00', 0, NULL, NULL),
(1939, 45, '2024-02-11', '17:00:00', 0, NULL, NULL),
(1940, 45, '2024-02-12', '08:00:00', 0, NULL, NULL),
(1941, 45, '2024-02-12', '12:00:00', 0, NULL, NULL),
(1942, 45, '2024-02-12', '15:00:00', 0, NULL, NULL),
(1943, 45, '2024-02-12', '17:00:00', 0, NULL, NULL),
(1944, 45, '2024-02-13', '08:00:00', 0, NULL, NULL),
(1945, 45, '2024-02-13', '12:00:00', 0, NULL, NULL),
(1946, 45, '2024-02-13', '15:00:00', 0, NULL, NULL),
(1947, 45, '2024-02-13', '17:00:00', 0, NULL, NULL),
(1948, 45, '2024-02-14', '08:00:00', 0, NULL, NULL),
(1949, 45, '2024-02-14', '12:00:00', 0, NULL, NULL),
(1950, 45, '2024-02-14', '15:00:00', 0, NULL, NULL),
(1951, 45, '2024-02-14', '17:00:00', 0, NULL, NULL),
(1952, 45, '2024-02-15', '08:00:00', 0, NULL, NULL),
(1953, 45, '2024-02-15', '12:00:00', 0, NULL, NULL),
(1954, 45, '2024-02-15', '15:00:00', 0, NULL, NULL),
(1955, 45, '2024-02-15', '17:00:00', 0, NULL, NULL),
(1956, 45, '2024-02-16', '08:00:00', 0, NULL, NULL),
(1957, 45, '2024-02-16', '12:00:00', 0, NULL, NULL),
(1958, 45, '2024-02-16', '15:00:00', 0, NULL, NULL),
(1959, 45, '2024-02-16', '17:00:00', 0, NULL, NULL),
(1960, 45, '2024-02-17', '08:00:00', 0, NULL, NULL),
(1961, 45, '2024-02-17', '12:00:00', 0, NULL, NULL),
(1962, 45, '2024-02-17', '15:00:00', 0, NULL, NULL),
(1963, 45, '2024-02-17', '17:00:00', 0, NULL, NULL),
(1964, 45, '2024-02-18', '08:00:00', 0, NULL, NULL),
(1965, 45, '2024-02-18', '12:00:00', 0, NULL, NULL),
(1966, 45, '2024-02-18', '15:00:00', 0, NULL, NULL),
(1967, 45, '2024-02-18', '17:00:00', 0, NULL, NULL),
(1968, 45, '2024-02-19', '08:00:00', 0, NULL, NULL),
(1969, 45, '2024-02-19', '12:00:00', 0, NULL, NULL),
(1970, 45, '2024-02-19', '15:00:00', 0, NULL, NULL),
(1971, 45, '2024-02-19', '17:00:00', 0, NULL, NULL),
(1972, 45, '2024-02-20', '08:00:00', 0, NULL, NULL),
(1973, 45, '2024-02-20', '12:00:00', 0, NULL, NULL),
(1974, 45, '2024-02-20', '15:00:00', 0, NULL, NULL),
(1975, 45, '2024-02-20', '17:00:00', 0, NULL, NULL),
(1976, 45, '2024-02-21', '08:00:00', 0, NULL, NULL),
(1977, 45, '2024-02-21', '12:00:00', 0, NULL, NULL),
(1978, 45, '2024-02-21', '15:00:00', 0, NULL, NULL);
INSERT INTO `psychologist_appointment` (`id`, `psychologist_id`, `slot_date`, `slot_time`, `status`, `user_id`, `PaymentID`) VALUES
(1979, 45, '2024-02-21', '17:00:00', 0, NULL, NULL),
(1980, 45, '2024-02-22', '08:00:00', 0, NULL, NULL),
(1981, 45, '2024-02-22', '12:00:00', 0, NULL, NULL),
(1982, 45, '2024-02-22', '15:00:00', 0, NULL, NULL),
(1983, 45, '2024-02-22', '17:00:00', 0, NULL, NULL),
(1984, 45, '2024-02-23', '08:00:00', 0, NULL, NULL),
(1985, 45, '2024-02-23', '12:00:00', 0, NULL, NULL),
(1986, 45, '2024-02-23', '15:00:00', 0, NULL, NULL),
(1987, 45, '2024-02-23', '17:00:00', 0, NULL, NULL),
(1988, 45, '2024-02-24', '08:00:00', 0, NULL, NULL),
(1989, 45, '2024-02-24', '12:00:00', 0, NULL, NULL),
(1990, 45, '2024-02-24', '15:00:00', 0, NULL, NULL),
(1991, 45, '2024-02-24', '17:00:00', 0, NULL, NULL),
(1992, 45, '2024-02-25', '08:00:00', 0, NULL, NULL),
(1993, 45, '2024-02-25', '12:00:00', 0, NULL, NULL),
(1994, 45, '2024-02-25', '15:00:00', 0, NULL, NULL),
(1995, 45, '2024-02-25', '17:00:00', 0, NULL, NULL),
(1996, 45, '2024-02-26', '08:00:00', 0, NULL, NULL),
(1997, 45, '2024-02-26', '12:00:00', 0, NULL, NULL),
(1998, 45, '2024-02-26', '15:00:00', 0, NULL, NULL),
(1999, 45, '2024-02-26', '17:00:00', 0, NULL, NULL),
(2000, 45, '2024-02-27', '08:00:00', 0, NULL, NULL),
(2001, 45, '2024-02-27', '12:00:00', 0, NULL, NULL),
(2002, 45, '2024-02-27', '15:00:00', 0, NULL, NULL),
(2003, 45, '2024-02-27', '17:00:00', 0, NULL, NULL),
(2004, 45, '2024-02-28', '08:00:00', 0, NULL, NULL),
(2005, 45, '2024-02-28', '12:00:00', 0, NULL, NULL),
(2006, 45, '2024-02-28', '15:00:00', 0, NULL, NULL),
(2007, 45, '2024-02-28', '17:00:00', 0, NULL, NULL),
(2008, 45, '2024-02-29', '08:00:00', 0, NULL, NULL),
(2009, 45, '2024-02-29', '12:00:00', 0, NULL, NULL),
(2010, 45, '2024-02-29', '15:00:00', 0, NULL, NULL),
(2011, 45, '2024-02-29', '17:00:00', 0, NULL, NULL),
(2012, 45, '2024-03-01', '08:00:00', 0, NULL, NULL),
(2013, 45, '2024-03-01', '12:00:00', 0, NULL, NULL),
(2014, 45, '2024-03-01', '15:00:00', 0, NULL, NULL),
(2015, 45, '2024-03-01', '17:00:00', 0, NULL, NULL),
(2016, 45, '2024-03-02', '08:00:00', 0, NULL, NULL),
(2017, 45, '2024-03-02', '12:00:00', 0, NULL, NULL),
(2018, 45, '2024-03-02', '15:00:00', 0, NULL, NULL),
(2019, 45, '2024-03-02', '17:00:00', 0, NULL, NULL),
(2020, 45, '2024-03-03', '08:00:00', 0, NULL, NULL),
(2021, 45, '2024-03-03', '12:00:00', 0, NULL, NULL),
(2022, 45, '2024-03-03', '15:00:00', 0, NULL, NULL),
(2023, 45, '2024-03-03', '17:00:00', 0, NULL, NULL),
(2024, 45, '2024-03-04', '08:00:00', 0, NULL, NULL),
(2025, 45, '2024-03-04', '12:00:00', 0, NULL, NULL),
(2026, 45, '2024-03-04', '15:00:00', 0, NULL, NULL),
(2027, 45, '2024-03-04', '17:00:00', 0, NULL, NULL),
(2028, 45, '2024-03-05', '08:00:00', 0, NULL, NULL),
(2029, 45, '2024-03-05', '12:00:00', 0, NULL, NULL),
(2030, 45, '2024-03-05', '15:00:00', 0, NULL, NULL),
(2031, 45, '2024-03-05', '17:00:00', 0, NULL, NULL),
(2032, 45, '2024-03-06', '08:00:00', 0, NULL, NULL),
(2033, 45, '2024-03-06', '12:00:00', 0, NULL, NULL),
(2034, 45, '2024-03-06', '15:00:00', 0, NULL, NULL),
(2035, 45, '2024-03-06', '17:00:00', 0, NULL, NULL),
(2036, 45, '2024-03-07', '08:00:00', 0, NULL, NULL),
(2037, 45, '2024-03-07', '12:00:00', 0, NULL, NULL),
(2038, 45, '2024-03-07', '15:00:00', 0, NULL, NULL),
(2039, 45, '2024-03-07', '17:00:00', 0, NULL, NULL),
(2040, 45, '2024-03-08', '08:00:00', 0, NULL, NULL),
(2041, 45, '2024-03-08', '12:00:00', 0, NULL, NULL),
(2042, 45, '2024-03-08', '15:00:00', 0, NULL, NULL),
(2043, 45, '2024-03-08', '17:00:00', 0, NULL, NULL),
(2044, 45, '2024-03-09', '08:00:00', 0, NULL, NULL),
(2045, 45, '2024-03-09', '12:00:00', 0, NULL, NULL),
(2046, 45, '2024-03-09', '15:00:00', 0, NULL, NULL),
(2047, 45, '2024-03-09', '17:00:00', 0, NULL, NULL),
(2048, 45, '2024-03-10', '08:00:00', 0, NULL, NULL),
(2049, 45, '2024-03-10', '12:00:00', 0, NULL, NULL),
(2050, 45, '2024-03-10', '15:00:00', 0, NULL, NULL),
(2051, 45, '2024-03-10', '17:00:00', 0, NULL, NULL),
(2052, 45, '2024-03-11', '08:00:00', 0, NULL, NULL),
(2053, 45, '2024-03-11', '12:00:00', 0, NULL, NULL),
(2054, 45, '2024-03-11', '15:00:00', 0, NULL, NULL),
(2055, 45, '2024-03-11', '17:00:00', 0, NULL, NULL),
(2056, 45, '2024-03-12', '08:00:00', 0, NULL, NULL),
(2057, 45, '2024-03-12', '12:00:00', 0, NULL, NULL),
(2058, 45, '2024-03-12', '15:00:00', 0, NULL, NULL),
(2059, 45, '2024-03-12', '17:00:00', 0, NULL, NULL),
(2060, 45, '2024-03-13', '08:00:00', 0, NULL, NULL),
(2061, 45, '2024-03-13', '12:00:00', 0, NULL, NULL),
(2062, 45, '2024-03-13', '15:00:00', 0, NULL, NULL),
(2063, 45, '2024-03-13', '17:00:00', 0, NULL, NULL),
(2064, 45, '2024-03-14', '08:00:00', 0, NULL, NULL),
(2065, 45, '2024-03-14', '12:00:00', 0, NULL, NULL),
(2066, 45, '2024-03-14', '15:00:00', 0, NULL, NULL),
(2067, 45, '2024-03-14', '17:00:00', 0, NULL, NULL),
(2068, 45, '2024-03-15', '08:00:00', 0, NULL, NULL),
(2069, 45, '2024-03-15', '12:00:00', 0, NULL, NULL),
(2070, 45, '2024-03-15', '15:00:00', 0, NULL, NULL),
(2071, 45, '2024-03-15', '17:00:00', 0, NULL, NULL),
(2072, 45, '2024-03-16', '08:00:00', 0, NULL, NULL),
(2073, 45, '2024-03-16', '12:00:00', 0, NULL, NULL),
(2074, 45, '2024-03-16', '15:00:00', 0, NULL, NULL),
(2075, 45, '2024-03-16', '17:00:00', 0, NULL, NULL),
(2076, 45, '2024-03-17', '08:00:00', 0, NULL, NULL),
(2077, 45, '2024-03-17', '12:00:00', 0, NULL, NULL),
(2078, 45, '2024-03-17', '15:00:00', 0, NULL, NULL),
(2079, 45, '2024-03-17', '17:00:00', 0, NULL, NULL),
(2080, 45, '2024-03-18', '08:00:00', 0, NULL, NULL),
(2081, 45, '2024-03-18', '12:00:00', 0, NULL, NULL),
(2082, 45, '2024-03-18', '15:00:00', 0, NULL, NULL),
(2083, 45, '2024-03-18', '17:00:00', 0, NULL, NULL),
(2084, 45, '2024-03-19', '08:00:00', 0, NULL, NULL),
(2085, 45, '2024-03-19', '12:00:00', 0, NULL, NULL),
(2086, 45, '2024-03-19', '15:00:00', 0, NULL, NULL),
(2087, 45, '2024-03-19', '17:00:00', 0, NULL, NULL),
(2088, 45, '2024-03-20', '08:00:00', 0, NULL, NULL),
(2089, 45, '2024-03-20', '12:00:00', 0, NULL, NULL),
(2090, 45, '2024-03-20', '15:00:00', 0, NULL, NULL),
(2091, 45, '2024-03-20', '17:00:00', 0, NULL, NULL),
(2092, 45, '2024-03-21', '08:00:00', 0, NULL, NULL),
(2093, 45, '2024-03-21', '12:00:00', 0, NULL, NULL),
(2094, 45, '2024-03-21', '15:00:00', 0, NULL, NULL),
(2095, 45, '2024-03-21', '17:00:00', 0, NULL, NULL),
(2096, 45, '2024-03-22', '08:00:00', 0, NULL, NULL),
(2097, 45, '2024-03-22', '12:00:00', 0, NULL, NULL),
(2098, 45, '2024-03-22', '15:00:00', 0, NULL, NULL),
(2099, 45, '2024-03-22', '17:00:00', 0, NULL, NULL),
(2100, 45, '2024-03-23', '08:00:00', 0, NULL, NULL),
(2101, 45, '2024-03-23', '12:00:00', 0, NULL, NULL),
(2102, 45, '2024-03-23', '15:00:00', 0, NULL, NULL),
(2103, 45, '2024-03-23', '17:00:00', 0, NULL, NULL),
(2104, 45, '2024-03-24', '08:00:00', 0, NULL, NULL),
(2105, 45, '2024-03-24', '12:00:00', 0, NULL, NULL),
(2106, 45, '2024-03-24', '15:00:00', 0, NULL, NULL),
(2107, 45, '2024-03-24', '17:00:00', 0, NULL, NULL),
(2108, 45, '2024-03-25', '08:00:00', 0, NULL, NULL),
(2109, 45, '2024-03-25', '12:00:00', 0, NULL, NULL),
(2110, 45, '2024-03-25', '15:00:00', 0, NULL, NULL),
(2111, 45, '2024-03-25', '17:00:00', 0, NULL, NULL),
(2112, 45, '2024-03-26', '08:00:00', 0, NULL, NULL),
(2113, 45, '2024-03-26', '12:00:00', 0, NULL, NULL),
(2114, 45, '2024-03-26', '15:00:00', 0, NULL, NULL),
(2115, 45, '2024-03-26', '17:00:00', 0, NULL, NULL),
(2116, 45, '2024-03-27', '08:00:00', 0, NULL, NULL),
(2117, 45, '2024-03-27', '12:00:00', 0, NULL, NULL),
(2118, 45, '2024-03-27', '15:00:00', 0, NULL, NULL),
(2119, 45, '2024-03-27', '17:00:00', 0, NULL, NULL),
(2120, 45, '2024-03-28', '08:00:00', 0, NULL, NULL),
(2121, 45, '2024-03-28', '12:00:00', 0, NULL, NULL),
(2122, 45, '2024-03-28', '15:00:00', 0, NULL, NULL),
(2123, 45, '2024-03-28', '17:00:00', 0, NULL, NULL),
(2124, 45, '2024-03-29', '08:00:00', 0, NULL, NULL),
(2125, 45, '2024-03-29', '12:00:00', 0, NULL, NULL),
(2126, 45, '2024-03-29', '15:00:00', 0, NULL, NULL),
(2127, 45, '2024-03-29', '17:00:00', 0, NULL, NULL),
(2128, 45, '2024-03-30', '08:00:00', 0, NULL, NULL),
(2129, 45, '2024-03-30', '12:00:00', 0, NULL, NULL),
(2130, 45, '2024-03-30', '15:00:00', 0, NULL, NULL),
(2131, 45, '2024-03-30', '17:00:00', 0, NULL, NULL),
(2132, 45, '2024-03-31', '08:00:00', 0, NULL, NULL),
(2133, 45, '2024-03-31', '12:00:00', 0, NULL, NULL),
(2134, 45, '2024-03-31', '15:00:00', 0, NULL, NULL),
(2135, 45, '2024-03-31', '17:00:00', 0, NULL, NULL),
(2136, 45, '2024-04-01', '08:00:00', 0, NULL, NULL),
(2137, 45, '2024-04-01', '12:00:00', 0, NULL, NULL),
(2138, 45, '2024-04-01', '15:00:00', 0, NULL, NULL),
(2139, 45, '2024-04-01', '17:00:00', 0, NULL, NULL),
(2140, 45, '2024-04-02', '08:00:00', 0, NULL, NULL),
(2141, 45, '2024-04-02', '12:00:00', 0, NULL, NULL),
(2142, 45, '2024-04-02', '15:00:00', 0, NULL, NULL),
(2143, 45, '2024-04-02', '17:00:00', 0, NULL, NULL),
(2144, 45, '2024-04-03', '08:00:00', 0, NULL, NULL),
(2145, 45, '2024-04-03', '12:00:00', 0, NULL, NULL),
(2146, 45, '2024-04-03', '15:00:00', 0, NULL, NULL),
(2147, 45, '2024-04-03', '17:00:00', 0, NULL, NULL),
(2148, 45, '2024-04-04', '08:00:00', 0, NULL, NULL),
(2149, 45, '2024-04-04', '12:00:00', 0, NULL, NULL),
(2150, 45, '2024-04-04', '15:00:00', 0, NULL, NULL),
(2151, 45, '2024-04-04', '17:00:00', 0, NULL, NULL),
(2152, 45, '2024-04-05', '08:00:00', 0, NULL, NULL),
(2153, 45, '2024-04-05', '12:00:00', 0, NULL, NULL),
(2154, 45, '2024-04-05', '15:00:00', 0, NULL, NULL),
(2155, 45, '2024-04-05', '17:00:00', 0, NULL, NULL),
(2156, 45, '2024-04-06', '08:00:00', 0, NULL, NULL),
(2157, 45, '2024-04-06', '12:00:00', 0, NULL, NULL),
(2158, 45, '2024-04-06', '15:00:00', 0, NULL, NULL),
(2159, 45, '2024-04-06', '17:00:00', 0, NULL, NULL),
(2160, 45, '2024-04-07', '08:00:00', 0, NULL, NULL),
(2161, 45, '2024-04-07', '12:00:00', 0, NULL, NULL),
(2162, 45, '2024-04-07', '15:00:00', 0, NULL, NULL),
(2163, 45, '2024-04-07', '17:00:00', 0, NULL, NULL),
(2164, 45, '2024-04-08', '08:00:00', 0, NULL, NULL),
(2165, 45, '2024-04-08', '12:00:00', 0, NULL, NULL),
(2166, 45, '2024-04-08', '15:00:00', 0, NULL, NULL),
(2167, 45, '2024-04-08', '17:00:00', 0, NULL, NULL),
(2168, 45, '2024-04-09', '08:00:00', 0, NULL, NULL),
(2169, 45, '2024-04-09', '12:00:00', 0, NULL, NULL),
(2170, 45, '2024-04-09', '15:00:00', 0, NULL, NULL),
(2171, 45, '2024-04-09', '17:00:00', 0, NULL, NULL),
(2172, 45, '2024-04-10', '08:00:00', 0, NULL, NULL),
(2173, 45, '2024-04-10', '12:00:00', 0, NULL, NULL),
(2174, 45, '2024-04-10', '15:00:00', 0, NULL, NULL),
(2175, 45, '2024-04-10', '17:00:00', 0, NULL, NULL),
(2176, 45, '2024-04-11', '08:00:00', 0, NULL, NULL),
(2177, 45, '2024-04-11', '12:00:00', 0, NULL, NULL),
(2178, 45, '2024-04-11', '15:00:00', 0, NULL, NULL),
(2179, 45, '2024-04-11', '17:00:00', 0, NULL, NULL),
(2180, 45, '2024-04-12', '08:00:00', 0, NULL, NULL),
(2181, 45, '2024-04-12', '12:00:00', 0, NULL, NULL),
(2182, 45, '2024-04-12', '15:00:00', 0, NULL, NULL),
(2183, 45, '2024-04-12', '17:00:00', 0, NULL, NULL),
(2184, 45, '2024-04-13', '08:00:00', 0, NULL, NULL),
(2185, 45, '2024-04-13', '12:00:00', 0, NULL, NULL),
(2186, 45, '2024-04-13', '15:00:00', 0, NULL, NULL),
(2187, 45, '2024-04-13', '17:00:00', 0, NULL, NULL),
(2188, 45, '2024-04-14', '08:00:00', 0, NULL, NULL),
(2189, 45, '2024-04-14', '12:00:00', 0, NULL, NULL),
(2190, 45, '2024-04-14', '15:00:00', 0, NULL, NULL),
(2191, 45, '2024-04-14', '17:00:00', 0, NULL, NULL),
(2192, 45, '2024-04-15', '08:00:00', 0, NULL, NULL),
(2193, 45, '2024-04-15', '12:00:00', 0, NULL, NULL),
(2194, 45, '2024-04-15', '15:00:00', 0, NULL, NULL),
(2195, 45, '2024-04-15', '17:00:00', 0, NULL, NULL),
(2196, 45, '2024-04-16', '08:00:00', 0, NULL, NULL),
(2197, 45, '2024-04-16', '12:00:00', 0, NULL, NULL),
(2198, 45, '2024-04-16', '15:00:00', 0, NULL, NULL),
(2199, 45, '2024-04-16', '17:00:00', 0, NULL, NULL),
(2200, 45, '2024-04-17', '08:00:00', 0, NULL, NULL),
(2201, 45, '2024-04-17', '12:00:00', 0, NULL, NULL),
(2202, 45, '2024-04-17', '15:00:00', 0, NULL, NULL),
(2203, 45, '2024-04-17', '17:00:00', 0, NULL, NULL),
(2204, 45, '2024-04-18', '08:00:00', 0, NULL, NULL),
(2205, 45, '2024-04-18', '12:00:00', 0, NULL, NULL),
(2206, 45, '2024-04-18', '15:00:00', 0, NULL, NULL),
(2207, 45, '2024-04-18', '17:00:00', 0, NULL, NULL),
(2208, 45, '2024-04-19', '08:00:00', 0, NULL, NULL),
(2209, 45, '2024-04-19', '12:00:00', 0, NULL, NULL),
(2210, 45, '2024-04-19', '15:00:00', 0, NULL, NULL),
(2211, 45, '2024-04-19', '17:00:00', 0, NULL, NULL),
(2212, 45, '2024-04-20', '08:00:00', 0, NULL, NULL),
(2213, 45, '2024-04-20', '12:00:00', 0, NULL, NULL),
(2214, 45, '2024-04-20', '15:00:00', 0, NULL, NULL),
(2215, 45, '2024-04-20', '17:00:00', 0, NULL, NULL),
(2216, 45, '2024-04-21', '08:00:00', 0, NULL, NULL),
(2217, 45, '2024-04-21', '12:00:00', 0, NULL, NULL),
(2218, 45, '2024-04-21', '15:00:00', 0, NULL, NULL),
(2219, 45, '2024-04-21', '17:00:00', 0, NULL, NULL),
(2220, 45, '2024-04-22', '08:00:00', 0, NULL, NULL),
(2221, 45, '2024-04-22', '12:00:00', 0, NULL, NULL),
(2222, 45, '2024-04-22', '15:00:00', 0, NULL, NULL),
(2223, 45, '2024-04-22', '17:00:00', 0, NULL, NULL),
(2224, 45, '2024-04-23', '08:00:00', 0, NULL, NULL),
(2225, 45, '2024-04-23', '12:00:00', 0, NULL, NULL),
(2226, 45, '2024-04-23', '15:00:00', 0, NULL, NULL),
(2227, 45, '2024-04-23', '17:00:00', 0, NULL, NULL),
(2228, 45, '2024-04-24', '08:00:00', 0, NULL, NULL),
(2229, 45, '2024-04-24', '12:00:00', 0, NULL, NULL),
(2230, 45, '2024-04-24', '15:00:00', 0, NULL, NULL),
(2231, 45, '2024-04-24', '17:00:00', 0, NULL, NULL),
(2232, 45, '2024-04-25', '08:00:00', 0, NULL, NULL),
(2233, 45, '2024-04-25', '12:00:00', 0, NULL, NULL),
(2234, 45, '2024-04-25', '15:00:00', 0, NULL, NULL),
(2235, 45, '2024-04-25', '17:00:00', 0, NULL, NULL),
(2236, 45, '2024-04-26', '08:00:00', 0, NULL, NULL),
(2237, 45, '2024-04-26', '12:00:00', 0, NULL, NULL),
(2238, 45, '2024-04-26', '15:00:00', 0, NULL, NULL),
(2239, 45, '2024-04-26', '17:00:00', 0, NULL, NULL),
(2240, 45, '2024-04-27', '08:00:00', 0, NULL, NULL),
(2241, 45, '2024-04-27', '12:00:00', 0, NULL, NULL),
(2242, 45, '2024-04-27', '15:00:00', 0, NULL, NULL),
(2243, 45, '2024-04-27', '17:00:00', 0, NULL, NULL),
(2244, 45, '2024-04-28', '08:00:00', 0, NULL, NULL),
(2245, 45, '2024-04-28', '12:00:00', 0, NULL, NULL),
(2246, 45, '2024-04-28', '15:00:00', 0, NULL, NULL),
(2247, 45, '2024-04-28', '17:00:00', 0, NULL, NULL),
(2248, 45, '2024-04-29', '08:00:00', 0, NULL, NULL),
(2249, 45, '2024-04-29', '12:00:00', 0, NULL, NULL),
(2250, 45, '2024-04-29', '15:00:00', 0, NULL, NULL),
(2251, 45, '2024-04-29', '17:00:00', 0, NULL, NULL),
(2252, 45, '2024-04-30', '08:00:00', 0, NULL, NULL),
(2253, 45, '2024-04-30', '12:00:00', 0, NULL, NULL),
(2254, 45, '2024-04-30', '15:00:00', 0, NULL, NULL),
(2255, 45, '2024-04-30', '17:00:00', 0, NULL, NULL),
(2256, 45, '2024-05-01', '08:00:00', 0, NULL, NULL),
(2257, 45, '2024-05-01', '12:00:00', 0, NULL, NULL),
(2258, 45, '2024-05-01', '15:00:00', 0, NULL, NULL),
(2259, 45, '2024-05-01', '17:00:00', 0, NULL, NULL),
(2260, 45, '2024-05-02', '08:00:00', 0, NULL, NULL),
(2261, 45, '2024-05-02', '12:00:00', 0, NULL, NULL),
(2262, 45, '2024-05-02', '15:00:00', 0, NULL, NULL),
(2263, 45, '2024-05-02', '17:00:00', 0, NULL, NULL),
(2264, 45, '2024-05-03', '08:00:00', 0, NULL, NULL),
(2265, 45, '2024-05-03', '12:00:00', 0, NULL, NULL),
(2266, 45, '2024-05-03', '15:00:00', 0, NULL, NULL),
(2267, 45, '2024-05-03', '17:00:00', 0, NULL, NULL),
(2268, 45, '2024-05-04', '08:00:00', 0, NULL, NULL),
(2269, 45, '2024-05-04', '12:00:00', 0, NULL, NULL),
(2270, 45, '2024-05-04', '15:00:00', 0, NULL, NULL),
(2271, 45, '2024-05-04', '17:00:00', 0, NULL, NULL),
(2272, 45, '2024-05-05', '08:00:00', 0, NULL, NULL),
(2273, 45, '2024-05-05', '12:00:00', 0, NULL, NULL),
(2274, 45, '2024-05-05', '15:00:00', 0, NULL, NULL),
(2275, 45, '2024-05-05', '17:00:00', 0, NULL, NULL),
(2276, 45, '2024-05-06', '08:00:00', 0, NULL, NULL),
(2277, 45, '2024-05-06', '12:00:00', 0, NULL, NULL),
(2278, 45, '2024-05-06', '15:00:00', 0, NULL, NULL),
(2279, 45, '2024-05-06', '17:00:00', 0, NULL, NULL),
(2280, 45, '2024-05-07', '08:00:00', 0, NULL, NULL),
(2281, 45, '2024-05-07', '12:00:00', 0, NULL, NULL),
(2282, 45, '2024-05-07', '15:00:00', 0, NULL, NULL),
(2283, 45, '2024-05-07', '17:00:00', 0, NULL, NULL),
(2284, 45, '2024-05-08', '08:00:00', 0, NULL, NULL),
(2285, 45, '2024-05-08', '12:00:00', 0, NULL, NULL),
(2286, 45, '2024-05-08', '15:00:00', 0, NULL, NULL),
(2287, 45, '2024-05-08', '17:00:00', 0, NULL, NULL),
(2288, 45, '2024-05-09', '08:00:00', 0, NULL, NULL),
(2289, 45, '2024-05-09', '12:00:00', 0, NULL, NULL),
(2290, 45, '2024-05-09', '15:00:00', 0, NULL, NULL),
(2291, 45, '2024-05-09', '17:00:00', 0, NULL, NULL),
(2292, 45, '2024-05-10', '08:00:00', 0, NULL, NULL),
(2293, 45, '2024-05-10', '12:00:00', 0, NULL, NULL),
(2294, 45, '2024-05-10', '15:00:00', 0, NULL, NULL),
(2295, 45, '2024-05-10', '17:00:00', 0, NULL, NULL),
(2296, 45, '2024-05-11', '08:00:00', 0, NULL, NULL),
(2297, 45, '2024-05-11', '12:00:00', 0, NULL, NULL),
(2298, 45, '2024-05-11', '15:00:00', 0, NULL, NULL),
(2299, 45, '2024-05-11', '17:00:00', 0, NULL, NULL),
(2300, 45, '2024-05-12', '08:00:00', 0, NULL, NULL),
(2301, 45, '2024-05-12', '12:00:00', 0, NULL, NULL),
(2302, 45, '2024-05-12', '15:00:00', 0, NULL, NULL),
(2303, 45, '2024-05-12', '17:00:00', 0, NULL, NULL),
(2304, 45, '2024-05-13', '08:00:00', 0, NULL, NULL),
(2305, 45, '2024-05-13', '12:00:00', 0, NULL, NULL),
(2306, 45, '2024-05-13', '15:00:00', 0, NULL, NULL),
(2307, 45, '2024-05-13', '17:00:00', 0, NULL, NULL),
(2308, 45, '2024-05-14', '08:00:00', 0, NULL, NULL),
(2309, 45, '2024-05-14', '12:00:00', 0, NULL, NULL),
(2310, 45, '2024-05-14', '15:00:00', 0, NULL, NULL),
(2311, 45, '2024-05-14', '17:00:00', 0, NULL, NULL),
(2312, 45, '2024-05-15', '08:00:00', 0, NULL, NULL),
(2313, 45, '2024-05-15', '12:00:00', 0, NULL, NULL),
(2314, 45, '2024-05-15', '15:00:00', 0, NULL, NULL),
(2315, 45, '2024-05-15', '17:00:00', 0, NULL, NULL),
(2316, 45, '2024-05-16', '08:00:00', 0, NULL, NULL),
(2317, 45, '2024-05-16', '12:00:00', 0, NULL, NULL),
(2318, 45, '2024-05-16', '15:00:00', 0, NULL, NULL),
(2319, 45, '2024-05-16', '17:00:00', 0, NULL, NULL),
(2320, 45, '2024-05-17', '08:00:00', 0, NULL, NULL),
(2321, 45, '2024-05-17', '12:00:00', 0, NULL, NULL),
(2322, 45, '2024-05-17', '15:00:00', 0, NULL, NULL),
(2323, 45, '2024-05-17', '17:00:00', 0, NULL, NULL),
(2324, 45, '2024-05-18', '08:00:00', 0, NULL, NULL),
(2325, 45, '2024-05-18', '12:00:00', 0, NULL, NULL),
(2326, 45, '2024-05-18', '15:00:00', 0, NULL, NULL),
(2327, 45, '2024-05-18', '17:00:00', 0, NULL, NULL),
(2328, 45, '2024-05-19', '08:00:00', 0, NULL, NULL),
(2329, 45, '2024-05-19', '12:00:00', 0, NULL, NULL),
(2330, 45, '2024-05-19', '15:00:00', 0, NULL, NULL),
(2331, 45, '2024-05-19', '17:00:00', 0, NULL, NULL),
(2332, 45, '2024-05-20', '08:00:00', 0, NULL, NULL),
(2333, 45, '2024-05-20', '12:00:00', 0, NULL, NULL),
(2334, 45, '2024-05-20', '15:00:00', 0, NULL, NULL),
(2335, 45, '2024-05-20', '17:00:00', 0, NULL, NULL),
(2336, 45, '2024-05-21', '08:00:00', 0, NULL, NULL),
(2337, 45, '2024-05-21', '12:00:00', 0, NULL, NULL),
(2338, 45, '2024-05-21', '15:00:00', 0, NULL, NULL),
(2339, 45, '2024-05-21', '17:00:00', 0, NULL, NULL),
(2340, 45, '2024-05-22', '08:00:00', 0, NULL, NULL),
(2341, 45, '2024-05-22', '12:00:00', 0, NULL, NULL),
(2342, 45, '2024-05-22', '15:00:00', 0, NULL, NULL),
(2343, 45, '2024-05-22', '17:00:00', 0, NULL, NULL),
(2344, 45, '2024-05-23', '08:00:00', 0, NULL, NULL),
(2345, 45, '2024-05-23', '12:00:00', 0, NULL, NULL),
(2346, 45, '2024-05-23', '15:00:00', 0, NULL, NULL),
(2347, 45, '2024-05-23', '17:00:00', 0, NULL, NULL),
(2348, 45, '2024-05-24', '08:00:00', 0, NULL, NULL),
(2349, 45, '2024-05-24', '12:00:00', 0, NULL, NULL),
(2350, 45, '2024-05-24', '15:00:00', 0, NULL, NULL),
(2351, 45, '2024-05-24', '17:00:00', 0, NULL, NULL),
(2352, 45, '2024-05-25', '08:00:00', 0, NULL, NULL),
(2353, 45, '2024-05-25', '12:00:00', 0, NULL, NULL),
(2354, 45, '2024-05-25', '15:00:00', 0, NULL, NULL),
(2355, 45, '2024-05-25', '17:00:00', 0, NULL, NULL),
(2356, 45, '2024-05-26', '08:00:00', 0, NULL, NULL),
(2357, 45, '2024-05-26', '12:00:00', 0, NULL, NULL),
(2358, 45, '2024-05-26', '15:00:00', 0, NULL, NULL),
(2359, 45, '2024-05-26', '17:00:00', 0, NULL, NULL),
(2360, 45, '2024-05-27', '08:00:00', 0, NULL, NULL),
(2361, 45, '2024-05-27', '12:00:00', 0, NULL, NULL),
(2362, 45, '2024-05-27', '15:00:00', 0, NULL, NULL),
(2363, 45, '2024-05-27', '17:00:00', 0, NULL, NULL),
(2364, 45, '2024-05-28', '08:00:00', 0, NULL, NULL),
(2365, 45, '2024-05-28', '12:00:00', 0, NULL, NULL),
(2366, 45, '2024-05-28', '15:00:00', 0, NULL, NULL),
(2367, 45, '2024-05-28', '17:00:00', 0, NULL, NULL),
(2368, 45, '2024-05-29', '08:00:00', 0, NULL, NULL),
(2369, 45, '2024-05-29', '12:00:00', 0, NULL, NULL),
(2370, 45, '2024-05-29', '15:00:00', 0, NULL, NULL),
(2371, 45, '2024-05-29', '17:00:00', 0, NULL, NULL),
(2372, 45, '2024-05-30', '08:00:00', 0, NULL, NULL),
(2373, 45, '2024-05-30', '12:00:00', 0, NULL, NULL),
(2374, 45, '2024-05-30', '15:00:00', 0, NULL, NULL),
(2375, 45, '2024-05-30', '17:00:00', 0, NULL, NULL),
(2376, 45, '2024-05-31', '08:00:00', 0, NULL, NULL),
(2377, 45, '2024-05-31', '12:00:00', 0, NULL, NULL),
(2378, 45, '2024-05-31', '15:00:00', 0, NULL, NULL),
(2379, 45, '2024-05-31', '17:00:00', 0, NULL, NULL),
(2380, 45, '2024-06-01', '08:00:00', 0, NULL, NULL),
(2381, 45, '2024-06-01', '12:00:00', 0, NULL, NULL),
(2382, 45, '2024-06-01', '15:00:00', 0, NULL, NULL),
(2383, 45, '2024-06-01', '17:00:00', 0, NULL, NULL),
(2384, 45, '2024-06-02', '08:00:00', 0, NULL, NULL),
(2385, 45, '2024-06-02', '12:00:00', 0, NULL, NULL),
(2386, 45, '2024-06-02', '15:00:00', 0, NULL, NULL),
(2387, 45, '2024-06-02', '17:00:00', 0, NULL, NULL),
(2388, 45, '2024-06-03', '08:00:00', 0, NULL, NULL),
(2389, 45, '2024-06-03', '12:00:00', 0, NULL, NULL),
(2390, 45, '2024-06-03', '15:00:00', 0, NULL, NULL),
(2391, 45, '2024-06-03', '17:00:00', 0, NULL, NULL),
(2392, 45, '2024-06-04', '08:00:00', 0, NULL, NULL),
(2393, 45, '2024-06-04', '12:00:00', 0, NULL, NULL),
(2394, 45, '2024-06-04', '15:00:00', 0, NULL, NULL),
(2395, 45, '2024-06-04', '17:00:00', 0, NULL, NULL),
(2396, 45, '2024-06-05', '08:00:00', 0, NULL, NULL),
(2397, 45, '2024-06-05', '12:00:00', 0, NULL, NULL),
(2398, 45, '2024-06-05', '15:00:00', 0, NULL, NULL),
(2399, 45, '2024-06-05', '17:00:00', 0, NULL, NULL),
(2400, 45, '2024-06-06', '08:00:00', 0, NULL, NULL),
(2401, 45, '2024-06-06', '12:00:00', 0, NULL, NULL),
(2402, 45, '2024-06-06', '15:00:00', 0, NULL, NULL),
(2403, 45, '2024-06-06', '17:00:00', 0, NULL, NULL),
(2404, 45, '2024-06-07', '08:00:00', 0, NULL, NULL),
(2405, 45, '2024-06-07', '12:00:00', 0, NULL, NULL),
(2406, 45, '2024-06-07', '15:00:00', 0, NULL, NULL),
(2407, 45, '2024-06-07', '17:00:00', 0, NULL, NULL),
(2408, 45, '2024-06-08', '08:00:00', 0, NULL, NULL),
(2409, 45, '2024-06-08', '12:00:00', 0, NULL, NULL),
(2410, 45, '2024-06-08', '15:00:00', 0, NULL, NULL),
(2411, 45, '2024-06-08', '17:00:00', 0, NULL, NULL),
(2412, 45, '2024-06-09', '08:00:00', 0, NULL, NULL),
(2413, 45, '2024-06-09', '12:00:00', 0, NULL, NULL),
(2414, 45, '2024-06-09', '15:00:00', 0, NULL, NULL),
(2415, 45, '2024-06-09', '17:00:00', 0, NULL, NULL),
(2416, 45, '2024-06-10', '08:00:00', 0, NULL, NULL),
(2417, 45, '2024-06-10', '12:00:00', 0, NULL, NULL),
(2418, 45, '2024-06-10', '15:00:00', 0, NULL, NULL),
(2419, 45, '2024-06-10', '17:00:00', 0, NULL, NULL),
(2420, 45, '2024-06-11', '08:00:00', 0, NULL, NULL),
(2421, 45, '2024-06-11', '12:00:00', 0, NULL, NULL),
(2422, 45, '2024-06-11', '15:00:00', 0, NULL, NULL),
(2423, 45, '2024-06-11', '17:00:00', 0, NULL, NULL),
(2424, 45, '2024-06-12', '08:00:00', 0, NULL, NULL),
(2425, 45, '2024-06-12', '12:00:00', 0, NULL, NULL),
(2426, 45, '2024-06-12', '15:00:00', 0, NULL, NULL),
(2427, 45, '2024-06-12', '17:00:00', 0, NULL, NULL),
(2428, 45, '2024-06-13', '08:00:00', 0, NULL, NULL),
(2429, 45, '2024-06-13', '12:00:00', 0, NULL, NULL),
(2430, 45, '2024-06-13', '15:00:00', 0, NULL, NULL),
(2431, 45, '2024-06-13', '17:00:00', 0, NULL, NULL),
(2432, 45, '2024-06-14', '08:00:00', 0, NULL, NULL),
(2433, 45, '2024-06-14', '12:00:00', 0, NULL, NULL),
(2434, 45, '2024-06-14', '15:00:00', 0, NULL, NULL),
(2435, 45, '2024-06-14', '17:00:00', 0, NULL, NULL),
(2436, 45, '2024-06-15', '08:00:00', 0, NULL, NULL),
(2437, 45, '2024-06-15', '12:00:00', 0, NULL, NULL),
(2438, 45, '2024-06-15', '15:00:00', 0, NULL, NULL),
(2439, 45, '2024-06-15', '17:00:00', 0, NULL, NULL),
(2440, 45, '2024-06-16', '08:00:00', 0, NULL, NULL),
(2441, 45, '2024-06-16', '12:00:00', 0, NULL, NULL),
(2442, 45, '2024-06-16', '15:00:00', 0, NULL, NULL),
(2443, 45, '2024-06-16', '17:00:00', 0, NULL, NULL),
(2444, 45, '2024-06-17', '08:00:00', 0, NULL, NULL),
(2445, 45, '2024-06-17', '12:00:00', 0, NULL, NULL),
(2446, 45, '2024-06-17', '15:00:00', 0, NULL, NULL),
(2447, 45, '2024-06-17', '17:00:00', 0, NULL, NULL),
(2448, 45, '2024-06-18', '08:00:00', 0, NULL, NULL),
(2449, 45, '2024-06-18', '12:00:00', 0, NULL, NULL),
(2450, 45, '2024-06-18', '15:00:00', 0, NULL, NULL),
(2451, 45, '2024-06-18', '17:00:00', 0, NULL, NULL),
(2452, 45, '2024-06-19', '08:00:00', 0, NULL, NULL),
(2453, 45, '2024-06-19', '12:00:00', 0, NULL, NULL),
(2454, 45, '2024-06-19', '15:00:00', 0, NULL, NULL),
(2455, 45, '2024-06-19', '17:00:00', 0, NULL, NULL),
(2456, 45, '2024-06-20', '08:00:00', 0, NULL, NULL),
(2457, 45, '2024-06-20', '12:00:00', 0, NULL, NULL),
(2458, 45, '2024-06-20', '15:00:00', 0, NULL, NULL),
(2459, 45, '2024-06-20', '17:00:00', 0, NULL, NULL),
(2460, 45, '2024-06-21', '08:00:00', 0, NULL, NULL),
(2461, 45, '2024-06-21', '12:00:00', 0, NULL, NULL),
(2462, 45, '2024-06-21', '15:00:00', 0, NULL, NULL),
(2463, 45, '2024-06-21', '17:00:00', 0, NULL, NULL),
(2464, 45, '2024-06-22', '08:00:00', 0, NULL, NULL),
(2465, 45, '2024-06-22', '12:00:00', 0, NULL, NULL),
(2466, 45, '2024-06-22', '15:00:00', 0, NULL, NULL),
(2467, 45, '2024-06-22', '17:00:00', 0, NULL, NULL),
(2468, 45, '2024-06-23', '08:00:00', 0, NULL, NULL),
(2469, 45, '2024-06-23', '12:00:00', 0, NULL, NULL),
(2470, 45, '2024-06-23', '15:00:00', 0, NULL, NULL),
(2471, 45, '2024-06-23', '17:00:00', 0, NULL, NULL),
(2472, 45, '2024-06-24', '08:00:00', 0, NULL, NULL),
(2473, 45, '2024-06-24', '12:00:00', 0, NULL, NULL),
(2474, 45, '2024-06-24', '15:00:00', 0, NULL, NULL),
(2475, 45, '2024-06-24', '17:00:00', 0, NULL, NULL),
(2476, 45, '2024-06-25', '08:00:00', 0, NULL, NULL),
(2477, 45, '2024-06-25', '12:00:00', 0, NULL, NULL),
(2478, 45, '2024-06-25', '15:00:00', 0, NULL, NULL),
(2479, 45, '2024-06-25', '17:00:00', 0, NULL, NULL),
(2480, 45, '2024-06-26', '08:00:00', 0, NULL, NULL),
(2481, 45, '2024-06-26', '12:00:00', 0, NULL, NULL),
(2482, 45, '2024-06-26', '15:00:00', 0, NULL, NULL),
(2483, 45, '2024-06-26', '17:00:00', 0, NULL, NULL),
(2484, 45, '2024-06-27', '08:00:00', 0, NULL, NULL),
(2485, 45, '2024-06-27', '12:00:00', 0, NULL, NULL),
(2486, 45, '2024-06-27', '15:00:00', 0, NULL, NULL),
(2487, 45, '2024-06-27', '17:00:00', 0, NULL, NULL),
(2488, 45, '2024-06-28', '08:00:00', 0, NULL, NULL),
(2489, 45, '2024-06-28', '12:00:00', 0, NULL, NULL),
(2490, 45, '2024-06-28', '15:00:00', 0, NULL, NULL),
(2491, 45, '2024-06-28', '17:00:00', 0, NULL, NULL),
(2492, 45, '2024-06-29', '08:00:00', 0, NULL, NULL),
(2493, 45, '2024-06-29', '12:00:00', 0, NULL, NULL),
(2494, 45, '2024-06-29', '15:00:00', 0, NULL, NULL),
(2495, 45, '2024-06-29', '17:00:00', 0, NULL, NULL),
(2496, 45, '2024-06-30', '08:00:00', 0, NULL, NULL),
(2497, 45, '2024-06-30', '12:00:00', 0, NULL, NULL),
(2498, 45, '2024-06-30', '15:00:00', 0, NULL, NULL),
(2499, 45, '2024-06-30', '17:00:00', 0, NULL, NULL),
(2500, 45, '2024-07-01', '08:00:00', 0, NULL, NULL),
(2501, 45, '2024-07-01', '12:00:00', 0, NULL, NULL),
(2502, 45, '2024-07-01', '15:00:00', 0, NULL, NULL),
(2503, 45, '2024-07-01', '17:00:00', 0, NULL, NULL),
(2504, 45, '2024-07-02', '08:00:00', 0, NULL, NULL),
(2505, 45, '2024-07-02', '12:00:00', 0, NULL, NULL),
(2506, 45, '2024-07-02', '15:00:00', 0, NULL, NULL),
(2507, 45, '2024-07-02', '17:00:00', 0, NULL, NULL),
(2508, 45, '2024-07-03', '08:00:00', 0, NULL, NULL),
(2509, 45, '2024-07-03', '12:00:00', 0, NULL, NULL),
(2510, 45, '2024-07-03', '15:00:00', 0, NULL, NULL),
(2511, 45, '2024-07-03', '17:00:00', 0, NULL, NULL),
(2512, 45, '2024-07-04', '08:00:00', 0, NULL, NULL),
(2513, 45, '2024-07-04', '12:00:00', 0, NULL, NULL),
(2514, 45, '2024-07-04', '15:00:00', 0, NULL, NULL),
(2515, 45, '2024-07-04', '17:00:00', 0, NULL, NULL),
(2516, 45, '2024-07-05', '08:00:00', 0, NULL, NULL),
(2517, 45, '2024-07-05', '12:00:00', 0, NULL, NULL),
(2518, 45, '2024-07-05', '15:00:00', 0, NULL, NULL),
(2519, 45, '2024-07-05', '17:00:00', 0, NULL, NULL),
(2520, 45, '2024-07-06', '08:00:00', 0, NULL, NULL),
(2521, 45, '2024-07-06', '12:00:00', 0, NULL, NULL),
(2522, 45, '2024-07-06', '15:00:00', 0, NULL, NULL),
(2523, 45, '2024-07-06', '17:00:00', 0, NULL, NULL),
(2524, 45, '2024-07-07', '08:00:00', 0, NULL, NULL),
(2525, 45, '2024-07-07', '12:00:00', 0, NULL, NULL),
(2526, 45, '2024-07-07', '15:00:00', 0, NULL, NULL),
(2527, 45, '2024-07-07', '17:00:00', 0, NULL, NULL),
(2528, 45, '2024-07-08', '08:00:00', 0, NULL, NULL),
(2529, 45, '2024-07-08', '12:00:00', 0, NULL, NULL),
(2530, 45, '2024-07-08', '15:00:00', 0, NULL, NULL),
(2531, 45, '2024-07-08', '17:00:00', 0, NULL, NULL),
(2532, 45, '2024-07-09', '08:00:00', 0, NULL, NULL),
(2533, 45, '2024-07-09', '12:00:00', 0, NULL, NULL),
(2534, 45, '2024-07-09', '15:00:00', 0, NULL, NULL),
(2535, 45, '2024-07-09', '17:00:00', 0, NULL, NULL),
(2536, 45, '2024-07-10', '08:00:00', 0, NULL, NULL),
(2537, 45, '2024-07-10', '12:00:00', 0, NULL, NULL),
(2538, 45, '2024-07-10', '15:00:00', 0, NULL, NULL),
(2539, 45, '2024-07-10', '17:00:00', 0, NULL, NULL),
(2540, 45, '2024-07-11', '08:00:00', 0, NULL, NULL),
(2541, 45, '2024-07-11', '12:00:00', 0, NULL, NULL),
(2542, 45, '2024-07-11', '15:00:00', 0, NULL, NULL),
(2543, 45, '2024-07-11', '17:00:00', 0, NULL, NULL),
(2544, 45, '2024-07-12', '08:00:00', 0, NULL, NULL),
(2545, 45, '2024-07-12', '12:00:00', 0, NULL, NULL),
(2546, 45, '2024-07-12', '15:00:00', 0, NULL, NULL),
(2547, 45, '2024-07-12', '17:00:00', 0, NULL, NULL),
(2548, 45, '2024-07-13', '08:00:00', 0, NULL, NULL),
(2549, 45, '2024-07-13', '12:00:00', 0, NULL, NULL),
(2550, 45, '2024-07-13', '15:00:00', 0, NULL, NULL),
(2551, 45, '2024-07-13', '17:00:00', 0, NULL, NULL),
(2552, 45, '2024-07-14', '08:00:00', 0, NULL, NULL),
(2553, 45, '2024-07-14', '12:00:00', 0, NULL, NULL),
(2554, 45, '2024-07-14', '15:00:00', 0, NULL, NULL),
(2555, 45, '2024-07-14', '17:00:00', 0, NULL, NULL),
(2556, 45, '2024-07-15', '08:00:00', 0, NULL, NULL),
(2557, 45, '2024-07-15', '12:00:00', 0, NULL, NULL),
(2558, 45, '2024-07-15', '15:00:00', 0, NULL, NULL),
(2559, 45, '2024-07-15', '17:00:00', 0, NULL, NULL),
(2560, 45, '2024-07-16', '08:00:00', 0, NULL, NULL),
(2561, 45, '2024-07-16', '12:00:00', 0, NULL, NULL),
(2562, 45, '2024-07-16', '15:00:00', 0, NULL, NULL),
(2563, 45, '2024-07-16', '17:00:00', 0, NULL, NULL),
(2564, 45, '2024-07-17', '08:00:00', 0, NULL, NULL),
(2565, 45, '2024-07-17', '12:00:00', 0, NULL, NULL),
(2566, 45, '2024-07-17', '15:00:00', 0, NULL, NULL),
(2567, 45, '2024-07-17', '17:00:00', 0, NULL, NULL),
(2568, 45, '2024-07-18', '08:00:00', 0, NULL, NULL),
(2569, 45, '2024-07-18', '12:00:00', 0, NULL, NULL),
(2570, 45, '2024-07-18', '15:00:00', 0, NULL, NULL),
(2571, 45, '2024-07-18', '17:00:00', 0, NULL, NULL),
(2572, 45, '2024-07-19', '08:00:00', 0, NULL, NULL),
(2573, 45, '2024-07-19', '12:00:00', 0, NULL, NULL),
(2574, 45, '2024-07-19', '15:00:00', 0, NULL, NULL),
(2575, 45, '2024-07-19', '17:00:00', 0, NULL, NULL),
(2576, 45, '2024-07-20', '08:00:00', 0, NULL, NULL),
(2577, 45, '2024-07-20', '12:00:00', 0, NULL, NULL),
(2578, 45, '2024-07-20', '15:00:00', 0, NULL, NULL),
(2579, 45, '2024-07-20', '17:00:00', 0, NULL, NULL),
(2580, 45, '2024-07-21', '08:00:00', 0, NULL, NULL),
(2581, 45, '2024-07-21', '12:00:00', 0, NULL, NULL),
(2582, 45, '2024-07-21', '15:00:00', 0, NULL, NULL),
(2583, 45, '2024-07-21', '17:00:00', 0, NULL, NULL),
(2584, 45, '2024-07-22', '08:00:00', 0, NULL, NULL),
(2585, 45, '2024-07-22', '12:00:00', 0, NULL, NULL),
(2586, 45, '2024-07-22', '15:00:00', 0, NULL, NULL),
(2587, 45, '2024-07-22', '17:00:00', 0, NULL, NULL),
(2588, 45, '2024-07-23', '08:00:00', 0, NULL, NULL),
(2589, 45, '2024-07-23', '12:00:00', 0, NULL, NULL),
(2590, 45, '2024-07-23', '15:00:00', 0, NULL, NULL),
(2591, 45, '2024-07-23', '17:00:00', 0, NULL, NULL),
(2592, 45, '2024-07-24', '08:00:00', 0, NULL, NULL),
(2593, 45, '2024-07-24', '12:00:00', 0, NULL, NULL),
(2594, 45, '2024-07-24', '15:00:00', 0, NULL, NULL),
(2595, 45, '2024-07-24', '17:00:00', 0, NULL, NULL),
(2596, 45, '2024-07-25', '08:00:00', 0, NULL, NULL),
(2597, 45, '2024-07-25', '12:00:00', 0, NULL, NULL),
(2598, 45, '2024-07-25', '15:00:00', 0, NULL, NULL),
(2599, 45, '2024-07-25', '17:00:00', 0, NULL, NULL),
(2600, 45, '2024-07-26', '08:00:00', 0, NULL, NULL),
(2601, 45, '2024-07-26', '12:00:00', 0, NULL, NULL),
(2602, 45, '2024-07-26', '15:00:00', 0, NULL, NULL),
(2603, 45, '2024-07-26', '17:00:00', 0, NULL, NULL),
(2604, 45, '2024-07-27', '08:00:00', 0, NULL, NULL),
(2605, 45, '2024-07-27', '12:00:00', 0, NULL, NULL),
(2606, 45, '2024-07-27', '15:00:00', 0, NULL, NULL),
(2607, 45, '2024-07-27', '17:00:00', 0, NULL, NULL),
(2608, 45, '2024-07-28', '08:00:00', 0, NULL, NULL),
(2609, 45, '2024-07-28', '12:00:00', 0, NULL, NULL),
(2610, 45, '2024-07-28', '15:00:00', 0, NULL, NULL),
(2611, 45, '2024-07-28', '17:00:00', 0, NULL, NULL),
(2612, 45, '2024-07-29', '08:00:00', 0, NULL, NULL),
(2613, 45, '2024-07-29', '12:00:00', 0, NULL, NULL),
(2614, 45, '2024-07-29', '15:00:00', 0, NULL, NULL),
(2615, 45, '2024-07-29', '17:00:00', 0, NULL, NULL),
(2616, 45, '2024-07-30', '08:00:00', 0, NULL, NULL),
(2617, 45, '2024-07-30', '12:00:00', 0, NULL, NULL),
(2618, 45, '2024-07-30', '15:00:00', 0, NULL, NULL),
(2619, 45, '2024-07-30', '17:00:00', 0, NULL, NULL),
(2620, 45, '2024-07-31', '08:00:00', 0, NULL, NULL),
(2621, 45, '2024-07-31', '12:00:00', 0, NULL, NULL),
(2622, 45, '2024-07-31', '15:00:00', 0, NULL, NULL),
(2623, 45, '2024-07-31', '17:00:00', 0, NULL, NULL),
(2624, 45, '2024-08-01', '08:00:00', 0, NULL, NULL),
(2625, 45, '2024-08-01', '12:00:00', 0, NULL, NULL),
(2626, 45, '2024-08-01', '15:00:00', 0, NULL, NULL),
(2627, 45, '2024-08-01', '17:00:00', 0, NULL, NULL),
(2628, 45, '2024-08-02', '08:00:00', 0, NULL, NULL),
(2629, 45, '2024-08-02', '12:00:00', 0, NULL, NULL),
(2630, 45, '2024-08-02', '15:00:00', 0, NULL, NULL),
(2631, 45, '2024-08-02', '17:00:00', 0, NULL, NULL),
(2632, 45, '2024-08-03', '08:00:00', 0, NULL, NULL),
(2633, 45, '2024-08-03', '12:00:00', 0, NULL, NULL),
(2634, 45, '2024-08-03', '15:00:00', 0, NULL, NULL),
(2635, 45, '2024-08-03', '17:00:00', 0, NULL, NULL),
(2636, 45, '2024-08-04', '08:00:00', 0, NULL, NULL),
(2637, 45, '2024-08-04', '12:00:00', 0, NULL, NULL),
(2638, 45, '2024-08-04', '15:00:00', 0, NULL, NULL),
(2639, 45, '2024-08-04', '17:00:00', 0, NULL, NULL),
(2640, 45, '2024-08-05', '08:00:00', 0, NULL, NULL),
(2641, 45, '2024-08-05', '12:00:00', 0, NULL, NULL),
(2642, 45, '2024-08-05', '15:00:00', 0, NULL, NULL),
(2643, 45, '2024-08-05', '17:00:00', 0, NULL, NULL),
(2644, 45, '2024-08-06', '08:00:00', 0, NULL, NULL),
(2645, 45, '2024-08-06', '12:00:00', 0, NULL, NULL),
(2646, 45, '2024-08-06', '15:00:00', 0, NULL, NULL),
(2647, 45, '2024-08-06', '17:00:00', 0, NULL, NULL),
(2648, 45, '2024-08-07', '08:00:00', 0, NULL, NULL),
(2649, 45, '2024-08-07', '12:00:00', 0, NULL, NULL),
(2650, 45, '2024-08-07', '15:00:00', 0, NULL, NULL),
(2651, 45, '2024-08-07', '17:00:00', 0, NULL, NULL),
(2652, 45, '2024-08-08', '08:00:00', 0, NULL, NULL),
(2653, 45, '2024-08-08', '12:00:00', 0, NULL, NULL),
(2654, 45, '2024-08-08', '15:00:00', 0, NULL, NULL),
(2655, 45, '2024-08-08', '17:00:00', 0, NULL, NULL),
(2656, 45, '2024-08-09', '08:00:00', 0, NULL, NULL),
(2657, 45, '2024-08-09', '12:00:00', 0, NULL, NULL),
(2658, 45, '2024-08-09', '15:00:00', 0, NULL, NULL),
(2659, 45, '2024-08-09', '17:00:00', 0, NULL, NULL),
(2660, 45, '2024-08-10', '08:00:00', 0, NULL, NULL),
(2661, 45, '2024-08-10', '12:00:00', 0, NULL, NULL),
(2662, 45, '2024-08-10', '15:00:00', 0, NULL, NULL),
(2663, 45, '2024-08-10', '17:00:00', 0, NULL, NULL),
(2664, 45, '2024-08-11', '08:00:00', 0, NULL, NULL),
(2665, 45, '2024-08-11', '12:00:00', 0, NULL, NULL),
(2666, 45, '2024-08-11', '15:00:00', 0, NULL, NULL),
(2667, 45, '2024-08-11', '17:00:00', 0, NULL, NULL),
(2668, 45, '2024-08-12', '08:00:00', 0, NULL, NULL),
(2669, 45, '2024-08-12', '12:00:00', 0, NULL, NULL),
(2670, 45, '2024-08-12', '15:00:00', 0, NULL, NULL),
(2671, 45, '2024-08-12', '17:00:00', 0, NULL, NULL),
(2672, 45, '2024-08-13', '08:00:00', 0, NULL, NULL),
(2673, 45, '2024-08-13', '12:00:00', 0, NULL, NULL),
(2674, 45, '2024-08-13', '15:00:00', 0, NULL, NULL),
(2675, 45, '2024-08-13', '17:00:00', 0, NULL, NULL),
(2676, 45, '2024-08-14', '08:00:00', 0, NULL, NULL),
(2677, 45, '2024-08-14', '12:00:00', 0, NULL, NULL),
(2678, 45, '2024-08-14', '15:00:00', 0, NULL, NULL),
(2679, 45, '2024-08-14', '17:00:00', 0, NULL, NULL),
(2680, 45, '2024-08-15', '08:00:00', 0, NULL, NULL),
(2681, 45, '2024-08-15', '12:00:00', 0, NULL, NULL),
(2682, 45, '2024-08-15', '15:00:00', 0, NULL, NULL),
(2683, 45, '2024-08-15', '17:00:00', 0, NULL, NULL),
(2684, 45, '2024-08-16', '08:00:00', 0, NULL, NULL),
(2685, 45, '2024-08-16', '12:00:00', 0, NULL, NULL),
(2686, 45, '2024-08-16', '15:00:00', 0, NULL, NULL),
(2687, 45, '2024-08-16', '17:00:00', 0, NULL, NULL),
(2688, 45, '2024-08-17', '08:00:00', 0, NULL, NULL),
(2689, 45, '2024-08-17', '12:00:00', 0, NULL, NULL),
(2690, 45, '2024-08-17', '15:00:00', 0, NULL, NULL),
(2691, 45, '2024-08-17', '17:00:00', 0, NULL, NULL),
(2692, 45, '2024-08-18', '08:00:00', 0, NULL, NULL),
(2693, 45, '2024-08-18', '12:00:00', 0, NULL, NULL),
(2694, 45, '2024-08-18', '15:00:00', 0, NULL, NULL),
(2695, 45, '2024-08-18', '17:00:00', 0, NULL, NULL),
(2696, 45, '2024-08-19', '08:00:00', 0, NULL, NULL),
(2697, 45, '2024-08-19', '12:00:00', 0, NULL, NULL),
(2698, 45, '2024-08-19', '15:00:00', 0, NULL, NULL),
(2699, 45, '2024-08-19', '17:00:00', 0, NULL, NULL),
(2700, 45, '2024-08-20', '08:00:00', 0, NULL, NULL),
(2701, 45, '2024-08-20', '12:00:00', 0, NULL, NULL),
(2702, 45, '2024-08-20', '15:00:00', 0, NULL, NULL),
(2703, 45, '2024-08-20', '17:00:00', 0, NULL, NULL),
(2704, 45, '2024-08-21', '08:00:00', 0, NULL, NULL),
(2705, 45, '2024-08-21', '12:00:00', 0, NULL, NULL),
(2706, 45, '2024-08-21', '15:00:00', 0, NULL, NULL),
(2707, 45, '2024-08-21', '17:00:00', 0, NULL, NULL),
(2708, 45, '2024-08-22', '08:00:00', 0, NULL, NULL),
(2709, 45, '2024-08-22', '12:00:00', 0, NULL, NULL),
(2710, 45, '2024-08-22', '15:00:00', 0, NULL, NULL),
(2711, 45, '2024-08-22', '17:00:00', 0, NULL, NULL),
(2712, 45, '2024-08-23', '08:00:00', 0, NULL, NULL),
(2713, 45, '2024-08-23', '12:00:00', 0, NULL, NULL),
(2714, 45, '2024-08-23', '15:00:00', 0, NULL, NULL),
(2715, 45, '2024-08-23', '17:00:00', 0, NULL, NULL),
(2716, 45, '2024-08-24', '08:00:00', 0, NULL, NULL),
(2717, 45, '2024-08-24', '12:00:00', 0, NULL, NULL),
(2718, 45, '2024-08-24', '15:00:00', 0, NULL, NULL),
(2719, 45, '2024-08-24', '17:00:00', 0, NULL, NULL),
(2720, 45, '2024-08-25', '08:00:00', 0, NULL, NULL),
(2721, 45, '2024-08-25', '12:00:00', 0, NULL, NULL),
(2722, 45, '2024-08-25', '15:00:00', 0, NULL, NULL),
(2723, 45, '2024-08-25', '17:00:00', 0, NULL, NULL),
(2724, 45, '2024-08-26', '08:00:00', 0, NULL, NULL),
(2725, 45, '2024-08-26', '12:00:00', 0, NULL, NULL),
(2726, 45, '2024-08-26', '15:00:00', 0, NULL, NULL),
(2727, 45, '2024-08-26', '17:00:00', 0, NULL, NULL),
(2728, 45, '2024-08-27', '08:00:00', 0, NULL, NULL),
(2729, 45, '2024-08-27', '12:00:00', 0, NULL, NULL),
(2730, 45, '2024-08-27', '15:00:00', 0, NULL, NULL),
(2731, 45, '2024-08-27', '17:00:00', 0, NULL, NULL),
(2732, 45, '2024-08-28', '08:00:00', 0, NULL, NULL),
(2733, 45, '2024-08-28', '12:00:00', 0, NULL, NULL),
(2734, 45, '2024-08-28', '15:00:00', 0, NULL, NULL),
(2735, 45, '2024-08-28', '17:00:00', 0, NULL, NULL),
(2736, 45, '2024-08-29', '08:00:00', 0, NULL, NULL),
(2737, 45, '2024-08-29', '12:00:00', 0, NULL, NULL),
(2738, 45, '2024-08-29', '15:00:00', 0, NULL, NULL),
(2739, 45, '2024-08-29', '17:00:00', 0, NULL, NULL),
(2740, 45, '2024-08-30', '08:00:00', 0, NULL, NULL),
(2741, 45, '2024-08-30', '12:00:00', 0, NULL, NULL),
(2742, 45, '2024-08-30', '15:00:00', 0, NULL, NULL),
(2743, 45, '2024-08-30', '17:00:00', 0, NULL, NULL),
(2744, 45, '2024-08-31', '08:00:00', 0, NULL, NULL),
(2745, 45, '2024-08-31', '12:00:00', 0, NULL, NULL),
(2746, 45, '2024-08-31', '15:00:00', 0, NULL, NULL),
(2747, 45, '2024-08-31', '17:00:00', 0, NULL, NULL),
(2748, 45, '2024-09-01', '08:00:00', 0, NULL, NULL),
(2749, 45, '2024-09-01', '12:00:00', 0, NULL, NULL),
(2750, 45, '2024-09-01', '15:00:00', 0, NULL, NULL),
(2751, 45, '2024-09-01', '17:00:00', 0, NULL, NULL),
(2752, 45, '2024-09-02', '08:00:00', 0, NULL, NULL),
(2753, 45, '2024-09-02', '12:00:00', 0, NULL, NULL),
(2754, 45, '2024-09-02', '15:00:00', 0, NULL, NULL),
(2755, 45, '2024-09-02', '17:00:00', 0, NULL, NULL),
(2756, 45, '2024-09-03', '08:00:00', 0, NULL, NULL),
(2757, 45, '2024-09-03', '12:00:00', 0, NULL, NULL),
(2758, 45, '2024-09-03', '15:00:00', 0, NULL, NULL),
(2759, 45, '2024-09-03', '17:00:00', 0, NULL, NULL),
(2760, 45, '2024-09-04', '08:00:00', 0, NULL, NULL),
(2761, 45, '2024-09-04', '12:00:00', 0, NULL, NULL),
(2762, 45, '2024-09-04', '15:00:00', 0, NULL, NULL),
(2763, 45, '2024-09-04', '17:00:00', 0, NULL, NULL),
(2764, 45, '2024-09-05', '08:00:00', 0, NULL, NULL),
(2765, 45, '2024-09-05', '12:00:00', 0, NULL, NULL),
(2766, 45, '2024-09-05', '15:00:00', 0, NULL, NULL),
(2767, 45, '2024-09-05', '17:00:00', 0, NULL, NULL),
(2768, 45, '2024-09-06', '08:00:00', 0, NULL, NULL),
(2769, 45, '2024-09-06', '12:00:00', 0, NULL, NULL),
(2770, 45, '2024-09-06', '15:00:00', 0, NULL, NULL),
(2771, 45, '2024-09-06', '17:00:00', 0, NULL, NULL),
(2772, 45, '2024-09-07', '08:00:00', 0, NULL, NULL),
(2773, 45, '2024-09-07', '12:00:00', 0, NULL, NULL),
(2774, 45, '2024-09-07', '15:00:00', 0, NULL, NULL),
(2775, 45, '2024-09-07', '17:00:00', 0, NULL, NULL),
(2776, 45, '2024-09-08', '08:00:00', 0, NULL, NULL),
(2777, 45, '2024-09-08', '12:00:00', 0, NULL, NULL),
(2778, 45, '2024-09-08', '15:00:00', 0, NULL, NULL),
(2779, 45, '2024-09-08', '17:00:00', 0, NULL, NULL),
(2780, 45, '2024-09-09', '08:00:00', 0, NULL, NULL),
(2781, 45, '2024-09-09', '12:00:00', 0, NULL, NULL),
(2782, 45, '2024-09-09', '15:00:00', 0, NULL, NULL),
(2783, 45, '2024-09-09', '17:00:00', 0, NULL, NULL),
(2784, 45, '2024-09-10', '08:00:00', 0, NULL, NULL),
(2785, 45, '2024-09-10', '12:00:00', 0, NULL, NULL),
(2786, 45, '2024-09-10', '15:00:00', 0, NULL, NULL),
(2787, 45, '2024-09-10', '17:00:00', 0, NULL, NULL),
(2788, 45, '2024-09-11', '08:00:00', 0, NULL, NULL),
(2789, 45, '2024-09-11', '12:00:00', 0, NULL, NULL),
(2790, 45, '2024-09-11', '15:00:00', 0, NULL, NULL),
(2791, 45, '2024-09-11', '17:00:00', 0, NULL, NULL),
(2792, 45, '2024-09-12', '08:00:00', 0, NULL, NULL),
(2793, 45, '2024-09-12', '12:00:00', 0, NULL, NULL),
(2794, 45, '2024-09-12', '15:00:00', 0, NULL, NULL),
(2795, 45, '2024-09-12', '17:00:00', 0, NULL, NULL),
(2796, 45, '2024-09-13', '08:00:00', 0, NULL, NULL),
(2797, 45, '2024-09-13', '12:00:00', 0, NULL, NULL),
(2798, 45, '2024-09-13', '15:00:00', 0, NULL, NULL),
(2799, 45, '2024-09-13', '17:00:00', 0, NULL, NULL),
(2800, 45, '2024-09-14', '08:00:00', 0, NULL, NULL),
(2801, 45, '2024-09-14', '12:00:00', 0, NULL, NULL),
(2802, 45, '2024-09-14', '15:00:00', 0, NULL, NULL),
(2803, 45, '2024-09-14', '17:00:00', 0, NULL, NULL),
(2804, 45, '2024-09-15', '08:00:00', 0, NULL, NULL),
(2805, 45, '2024-09-15', '12:00:00', 0, NULL, NULL),
(2806, 45, '2024-09-15', '15:00:00', 0, NULL, NULL),
(2807, 45, '2024-09-15', '17:00:00', 0, NULL, NULL),
(2808, 45, '2024-09-16', '08:00:00', 0, NULL, NULL),
(2809, 45, '2024-09-16', '12:00:00', 0, NULL, NULL),
(2810, 45, '2024-09-16', '15:00:00', 0, NULL, NULL),
(2811, 45, '2024-09-16', '17:00:00', 0, NULL, NULL),
(2812, 45, '2024-09-17', '08:00:00', 0, NULL, NULL),
(2813, 45, '2024-09-17', '12:00:00', 0, NULL, NULL),
(2814, 45, '2024-09-17', '15:00:00', 0, NULL, NULL),
(2815, 45, '2024-09-17', '17:00:00', 0, NULL, NULL),
(2816, 45, '2024-09-18', '08:00:00', 0, NULL, NULL),
(2817, 45, '2024-09-18', '12:00:00', 0, NULL, NULL),
(2818, 45, '2024-09-18', '15:00:00', 0, NULL, NULL),
(2819, 45, '2024-09-18', '17:00:00', 0, NULL, NULL),
(2820, 45, '2024-09-19', '08:00:00', 0, NULL, NULL),
(2821, 45, '2024-09-19', '12:00:00', 0, NULL, NULL),
(2822, 45, '2024-09-19', '15:00:00', 0, NULL, NULL),
(2823, 45, '2024-09-19', '17:00:00', 0, NULL, NULL),
(2824, 45, '2024-09-20', '08:00:00', 0, NULL, NULL),
(2825, 45, '2024-09-20', '12:00:00', 0, NULL, NULL),
(2826, 45, '2024-09-20', '15:00:00', 0, NULL, NULL),
(2827, 45, '2024-09-20', '17:00:00', 0, NULL, NULL),
(2828, 45, '2024-09-21', '08:00:00', 0, NULL, NULL),
(2829, 45, '2024-09-21', '12:00:00', 0, NULL, NULL),
(2830, 45, '2024-09-21', '15:00:00', 0, NULL, NULL),
(2831, 45, '2024-09-21', '17:00:00', 0, NULL, NULL),
(2832, 45, '2024-09-22', '08:00:00', 0, NULL, NULL),
(2833, 45, '2024-09-22', '12:00:00', 0, NULL, NULL),
(2834, 45, '2024-09-22', '15:00:00', 0, NULL, NULL),
(2835, 45, '2024-09-22', '17:00:00', 0, NULL, NULL),
(2836, 45, '2024-09-23', '08:00:00', 0, NULL, NULL),
(2837, 45, '2024-09-23', '12:00:00', 0, NULL, NULL),
(2838, 45, '2024-09-23', '15:00:00', 0, NULL, NULL),
(2839, 45, '2024-09-23', '17:00:00', 0, NULL, NULL),
(2840, 45, '2024-09-24', '08:00:00', 0, NULL, NULL),
(2841, 45, '2024-09-24', '12:00:00', 0, NULL, NULL),
(2842, 45, '2024-09-24', '15:00:00', 0, NULL, NULL),
(2843, 45, '2024-09-24', '17:00:00', 0, NULL, NULL),
(2844, 45, '2024-09-25', '08:00:00', 0, NULL, NULL),
(2845, 45, '2024-09-25', '12:00:00', 0, NULL, NULL),
(2846, 45, '2024-09-25', '15:00:00', 0, NULL, NULL),
(2847, 45, '2024-09-25', '17:00:00', 0, NULL, NULL),
(2848, 45, '2024-09-26', '08:00:00', 0, NULL, NULL),
(2849, 45, '2024-09-26', '12:00:00', 0, NULL, NULL),
(2850, 45, '2024-09-26', '15:00:00', 0, NULL, NULL),
(2851, 45, '2024-09-26', '17:00:00', 0, NULL, NULL),
(2852, 45, '2024-09-27', '08:00:00', 0, NULL, NULL),
(2853, 45, '2024-09-27', '12:00:00', 0, NULL, NULL),
(2854, 45, '2024-09-27', '15:00:00', 0, NULL, NULL),
(2855, 45, '2024-09-27', '17:00:00', 0, NULL, NULL),
(2856, 45, '2024-09-28', '08:00:00', 0, NULL, NULL),
(2857, 45, '2024-09-28', '12:00:00', 0, NULL, NULL),
(2858, 45, '2024-09-28', '15:00:00', 0, NULL, NULL),
(2859, 45, '2024-09-28', '17:00:00', 0, NULL, NULL),
(2860, 45, '2024-09-29', '08:00:00', 0, NULL, NULL),
(2861, 45, '2024-09-29', '12:00:00', 0, NULL, NULL),
(2862, 45, '2024-09-29', '15:00:00', 0, NULL, NULL),
(2863, 45, '2024-09-29', '17:00:00', 0, NULL, NULL),
(2864, 45, '2024-09-30', '08:00:00', 0, NULL, NULL),
(2865, 45, '2024-09-30', '12:00:00', 0, NULL, NULL),
(2866, 45, '2024-09-30', '15:00:00', 0, NULL, NULL),
(2867, 45, '2024-09-30', '17:00:00', 0, NULL, NULL),
(2868, 45, '2024-10-01', '08:00:00', 0, NULL, NULL),
(2869, 45, '2024-10-01', '12:00:00', 0, NULL, NULL),
(2870, 45, '2024-10-01', '15:00:00', 0, NULL, NULL),
(2871, 45, '2024-10-01', '17:00:00', 0, NULL, NULL),
(2872, 45, '2024-10-02', '08:00:00', 0, NULL, NULL),
(2873, 45, '2024-10-02', '12:00:00', 0, NULL, NULL),
(2874, 45, '2024-10-02', '15:00:00', 0, NULL, NULL),
(2875, 45, '2024-10-02', '17:00:00', 0, NULL, NULL),
(2876, 45, '2024-10-03', '08:00:00', 0, NULL, NULL),
(2877, 45, '2024-10-03', '12:00:00', 0, NULL, NULL),
(2878, 45, '2024-10-03', '15:00:00', 0, NULL, NULL),
(2879, 45, '2024-10-03', '17:00:00', 0, NULL, NULL),
(2880, 45, '2024-10-04', '08:00:00', 0, NULL, NULL),
(2881, 45, '2024-10-04', '12:00:00', 0, NULL, NULL),
(2882, 45, '2024-10-04', '15:00:00', 0, NULL, NULL),
(2883, 45, '2024-10-04', '17:00:00', 0, NULL, NULL),
(2884, 45, '2024-10-05', '08:00:00', 0, NULL, NULL),
(2885, 45, '2024-10-05', '12:00:00', 0, NULL, NULL),
(2886, 45, '2024-10-05', '15:00:00', 0, NULL, NULL),
(2887, 45, '2024-10-05', '17:00:00', 0, NULL, NULL),
(2888, 45, '2024-10-06', '08:00:00', 0, NULL, NULL),
(2889, 45, '2024-10-06', '12:00:00', 0, NULL, NULL),
(2890, 45, '2024-10-06', '15:00:00', 0, NULL, NULL),
(2891, 45, '2024-10-06', '17:00:00', 0, NULL, NULL),
(2892, 45, '2024-10-07', '08:00:00', 0, NULL, NULL),
(2893, 45, '2024-10-07', '12:00:00', 0, NULL, NULL),
(2894, 45, '2024-10-07', '15:00:00', 0, NULL, NULL),
(2895, 45, '2024-10-07', '17:00:00', 0, NULL, NULL),
(2896, 45, '2024-10-08', '08:00:00', 0, NULL, NULL),
(2897, 45, '2024-10-08', '12:00:00', 0, NULL, NULL),
(2898, 45, '2024-10-08', '15:00:00', 0, NULL, NULL),
(2899, 45, '2024-10-08', '17:00:00', 0, NULL, NULL),
(2900, 45, '2024-10-09', '08:00:00', 0, NULL, NULL),
(2901, 45, '2024-10-09', '12:00:00', 0, NULL, NULL),
(2902, 45, '2024-10-09', '15:00:00', 0, NULL, NULL),
(2903, 45, '2024-10-09', '17:00:00', 0, NULL, NULL),
(2904, 45, '2024-10-10', '08:00:00', 0, NULL, NULL),
(2905, 45, '2024-10-10', '12:00:00', 0, NULL, NULL),
(2906, 45, '2024-10-10', '15:00:00', 0, NULL, NULL),
(2907, 45, '2024-10-10', '17:00:00', 0, NULL, NULL),
(2908, 45, '2024-10-11', '08:00:00', 0, NULL, NULL),
(2909, 45, '2024-10-11', '12:00:00', 0, NULL, NULL),
(2910, 45, '2024-10-11', '15:00:00', 0, NULL, NULL),
(2911, 45, '2024-10-11', '17:00:00', 0, NULL, NULL),
(2912, 45, '2024-10-12', '08:00:00', 0, NULL, NULL),
(2913, 45, '2024-10-12', '12:00:00', 0, NULL, NULL),
(2914, 45, '2024-10-12', '15:00:00', 0, NULL, NULL),
(2915, 45, '2024-10-12', '17:00:00', 0, NULL, NULL),
(2916, 45, '2024-10-13', '08:00:00', 0, NULL, NULL),
(2917, 45, '2024-10-13', '12:00:00', 0, NULL, NULL),
(2918, 45, '2024-10-13', '15:00:00', 0, NULL, NULL),
(2919, 45, '2024-10-13', '17:00:00', 0, NULL, NULL),
(2920, 45, '2024-10-14', '08:00:00', 0, NULL, NULL),
(2921, 45, '2024-10-14', '12:00:00', 0, NULL, NULL),
(2922, 45, '2024-10-14', '15:00:00', 0, NULL, NULL),
(2923, 45, '2024-10-14', '17:00:00', 0, NULL, NULL),
(2924, 45, '2024-10-15', '08:00:00', 0, NULL, NULL),
(2925, 45, '2024-10-15', '12:00:00', 0, NULL, NULL),
(2926, 45, '2024-10-15', '15:00:00', 0, NULL, NULL),
(2927, 45, '2024-10-15', '17:00:00', 0, NULL, NULL),
(2928, 45, '2024-10-16', '08:00:00', 0, NULL, NULL),
(2929, 45, '2024-10-16', '12:00:00', 0, NULL, NULL),
(2930, 45, '2024-10-16', '15:00:00', 0, NULL, NULL),
(2931, 45, '2024-10-16', '17:00:00', 0, NULL, NULL),
(2932, 45, '2024-10-17', '08:00:00', 0, NULL, NULL),
(2933, 45, '2024-10-17', '12:00:00', 0, NULL, NULL),
(2934, 45, '2024-10-17', '15:00:00', 0, NULL, NULL),
(2935, 45, '2024-10-17', '17:00:00', 0, NULL, NULL),
(2936, 45, '2024-10-18', '08:00:00', 0, NULL, NULL),
(2937, 45, '2024-10-18', '12:00:00', 0, NULL, NULL),
(2938, 45, '2024-10-18', '15:00:00', 0, NULL, NULL),
(2939, 45, '2024-10-18', '17:00:00', 0, NULL, NULL),
(2940, 45, '2024-10-19', '08:00:00', 0, NULL, NULL),
(2941, 45, '2024-10-19', '12:00:00', 0, NULL, NULL),
(2942, 45, '2024-10-19', '15:00:00', 0, NULL, NULL),
(2943, 45, '2024-10-19', '17:00:00', 0, NULL, NULL),
(2944, 45, '2024-10-20', '08:00:00', 0, NULL, NULL),
(2945, 45, '2024-10-20', '12:00:00', 0, NULL, NULL),
(2946, 45, '2024-10-20', '15:00:00', 0, NULL, NULL),
(2947, 45, '2024-10-20', '17:00:00', 0, NULL, NULL);

-- --------------------------------------------------------

--
-- Table structure for table `time_attendances`
--

CREATE TABLE `time_attendances` (
  `TimeAttendanceID` int(11) NOT NULL,
  `UserID` int(11) DEFAULT NULL,
  `OnDate` date NOT NULL,
  `StartWorkTime` datetime NOT NULL,
  `EndWorkTime` datetime NOT NULL
) ENGINE=InnoDB DEFAULT CHARSET=utf8mb4 COLLATE=utf8mb4_general_ci;

-- --------------------------------------------------------

--
-- Table structure for table `user_attachments`
--

CREATE TABLE `user_attachments` (
  `AttachmentID` int(11) NOT NULL,
  `UserID` int(11) NOT NULL,
  `FileName` varchar(1000) NOT NULL,
  `FileType` int(11) NOT NULL,
  `Description` varchar(2000) DEFAULT NULL,
  `Sender` int(11) DEFAULT NULL
) ENGINE=InnoDB DEFAULT CHARSET=utf8mb4 COLLATE=utf8mb4_general_ci;

--
-- Dumping data for table `user_attachments`
--

INSERT INTO `user_attachments` (`AttachmentID`, `UserID`, `FileName`, `FileType`, `Description`, `Sender`) VALUES
(2, 44, 'Document_img_1697928305800-989820379.jpg', 1, NULL, NULL),
(10, 44, 'document_img_1697983812447-700854209.jpg', 1, NULL, NULL),
(11, 36, '01', 2, '', 44),
(12, 44, 'hello01', 2, 'haha', 44),
(13, 36, '01', 2, '', 44),
(14, 36, 'Sleep', 2, 'GetHigh', 44);

-- --------------------------------------------------------

--
-- Table structure for table `user_refunds`
--

CREATE TABLE `user_refunds` (
  `RefundID` int(11) NOT NULL,
  `PaymentID` int(11) NOT NULL,
  `Promtpay` varchar(255) NOT NULL
) ENGINE=InnoDB DEFAULT CHARSET=utf8mb4 COLLATE=utf8mb4_general_ci;

--
-- Dumping data for table `user_refunds`
--

INSERT INTO `user_refunds` (`RefundID`, `PaymentID`, `Promtpay`) VALUES
(1, 23, ''),
(2, 23, '123-587-7417'),
(3, 23, '123-587-7417'),
(4, 24, '123-587-7417'),
(5, 24, '123-587-7417'),
(6, 25, '123-587-7417'),
(7, 26, '123-587-7417'),
(8, 26, '123-587-7417'),
(9, 27, '123-587-7417'),
(10, 28, '123-587-7417'),
(11, 28, '123-587-7417'),
(12, 29, '123-587-7417'),
(15, 30, '1235871147'),
(16, 29, '123-587-7417'),
(17, 30, '123-587-7417'),
(18, 30, '123-587-7417'),
(19, 31, '1234567890'),
(20, 32, '123-587-7741'),
(21, 32, '123-587-7741'),
(22, 33, '1238874417');

--
-- Indexes for dumped tables
--

--
-- Indexes for table `appointment_table`
--
ALTER TABLE `appointment_table`
  ADD PRIMARY KEY (`id`),
  ADD KEY `fk_psychologist_appoinment` (`psychologist_appointment_id`);

--
-- Indexes for table `app_users`
--
ALTER TABLE `app_users`
  ADD PRIMARY KEY (`UserID`);

--
-- Indexes for table `app_user_groups`
--
ALTER TABLE `app_user_groups`
  ADD PRIMARY KEY (`UserGroupID`);

--
-- Indexes for table `app_user_roles`
--
ALTER TABLE `app_user_roles`
  ADD KEY `UserGroupID` (`UserGroupID`),
  ADD KEY `abdce` (`UserID`);

--
-- Indexes for table `payment_table`
--
ALTER TABLE `payment_table`
  ADD PRIMARY KEY (`id`),
  ADD KEY `fk_user` (`psychologist_appointments_id`),
  ADD KEY `fk_patient` (`patient_id`);

--
-- Indexes for table `psychologist_appointment`
--
ALTER TABLE `psychologist_appointment`
  ADD PRIMARY KEY (`id`),
  ADD KEY `fk_use_id` (`user_id`),
  ADD KEY `fk_psychologist_id` (`psychologist_id`),
  ADD KEY `fk_payment_id` (`PaymentID`);

--
-- Indexes for table `time_attendances`
--
ALTER TABLE `time_attendances`
  ADD PRIMARY KEY (`TimeAttendanceID`),
  ADD KEY `id` (`UserID`);

--
-- Indexes for table `user_attachments`
--
ALTER TABLE `user_attachments`
  ADD PRIMARY KEY (`AttachmentID`),
  ADD KEY `sqexz` (`UserID`),
  ADD KEY `eqzzz` (`Sender`);

--
-- Indexes for table `user_refunds`
--
ALTER TABLE `user_refunds`
  ADD PRIMARY KEY (`RefundID`),
  ADD KEY `qwdd` (`PaymentID`);

--
-- AUTO_INCREMENT for dumped tables
--

--
-- AUTO_INCREMENT for table `appointment_table`
--
ALTER TABLE `appointment_table`
  MODIFY `id` int(255) NOT NULL AUTO_INCREMENT, AUTO_INCREMENT=20;

--
-- AUTO_INCREMENT for table `app_users`
--
ALTER TABLE `app_users`
  MODIFY `UserID` int(11) NOT NULL AUTO_INCREMENT, AUTO_INCREMENT=47;

--
-- AUTO_INCREMENT for table `app_user_groups`
--
ALTER TABLE `app_user_groups`
  MODIFY `UserGroupID` int(11) NOT NULL AUTO_INCREMENT, AUTO_INCREMENT=4;

--
-- AUTO_INCREMENT for table `payment_table`
--
ALTER TABLE `payment_table`
  MODIFY `id` int(255) NOT NULL AUTO_INCREMENT, AUTO_INCREMENT=37;

--
-- AUTO_INCREMENT for table `psychologist_appointment`
--
ALTER TABLE `psychologist_appointment`
  MODIFY `id` int(255) NOT NULL AUTO_INCREMENT, AUTO_INCREMENT=2948;

--
-- AUTO_INCREMENT for table `time_attendances`
--
ALTER TABLE `time_attendances`
  MODIFY `TimeAttendanceID` int(11) NOT NULL AUTO_INCREMENT;

--
-- AUTO_INCREMENT for table `user_attachments`
--
ALTER TABLE `user_attachments`
  MODIFY `AttachmentID` int(11) NOT NULL AUTO_INCREMENT, AUTO_INCREMENT=15;

--
-- AUTO_INCREMENT for table `user_refunds`
--
ALTER TABLE `user_refunds`
  MODIFY `RefundID` int(11) NOT NULL AUTO_INCREMENT, AUTO_INCREMENT=23;

--
-- Constraints for dumped tables
--

--
-- Constraints for table `appointment_table`
--
ALTER TABLE `appointment_table`
  ADD CONSTRAINT `fk_psychologist_appoinment` FOREIGN KEY (`psychologist_appointment_id`) REFERENCES `psychologist_appointment` (`id`) ON DELETE CASCADE ON UPDATE CASCADE;

--
-- Constraints for table `app_user_roles`
--
ALTER TABLE `app_user_roles`
  ADD CONSTRAINT `UserGroupID` FOREIGN KEY (`UserGroupID`) REFERENCES `app_user_groups` (`UserGroupID`) ON DELETE CASCADE ON UPDATE CASCADE,
  ADD CONSTRAINT `abdce` FOREIGN KEY (`UserID`) REFERENCES `app_users` (`UserID`) ON DELETE CASCADE ON UPDATE CASCADE;

--
-- Constraints for table `payment_table`
--
ALTER TABLE `payment_table`
  ADD CONSTRAINT `fk_appointment` FOREIGN KEY (`psychologist_appointments_id`) REFERENCES `psychologist_appointment` (`id`) ON DELETE CASCADE ON UPDATE CASCADE,
  ADD CONSTRAINT `fk_patient` FOREIGN KEY (`patient_id`) REFERENCES `app_users` (`UserID`) ON DELETE CASCADE ON UPDATE CASCADE;

--
-- Constraints for table `psychologist_appointment`
--
ALTER TABLE `psychologist_appointment`
  ADD CONSTRAINT `fk_payment_id` FOREIGN KEY (`PaymentID`) REFERENCES `payment_table` (`id`) ON DELETE CASCADE ON UPDATE CASCADE,
  ADD CONSTRAINT `fk_psychologist_id` FOREIGN KEY (`psychologist_id`) REFERENCES `app_users` (`UserID`) ON DELETE CASCADE ON UPDATE CASCADE,
  ADD CONSTRAINT `fk_use_id` FOREIGN KEY (`user_id`) REFERENCES `app_users` (`UserID`) ON DELETE CASCADE ON UPDATE CASCADE;

--
-- Constraints for table `time_attendances`
--
ALTER TABLE `time_attendances`
  ADD CONSTRAINT `id` FOREIGN KEY (`UserID`) REFERENCES `app_users` (`UserID`) ON DELETE CASCADE ON UPDATE CASCADE;

--
-- Constraints for table `user_attachments`
--
ALTER TABLE `user_attachments`
  ADD CONSTRAINT `UserID` FOREIGN KEY (`UserID`) REFERENCES `app_users` (`UserID`) ON DELETE CASCADE ON UPDATE CASCADE,
  ADD CONSTRAINT `eqzzz` FOREIGN KEY (`Sender`) REFERENCES `app_users` (`UserID`) ON DELETE CASCADE ON UPDATE CASCADE;

--
-- Constraints for table `user_refunds`
--
ALTER TABLE `user_refunds`
  ADD CONSTRAINT `qwdd` FOREIGN KEY (`PaymentID`) REFERENCES `payment_table` (`id`) ON DELETE CASCADE ON UPDATE CASCADE;
COMMIT;

/*!40101 SET CHARACTER_SET_CLIENT=@OLD_CHARACTER_SET_CLIENT */;
/*!40101 SET CHARACTER_SET_RESULTS=@OLD_CHARACTER_SET_RESULTS */;
/*!40101 SET COLLATION_CONNECTION=@OLD_COLLATION_CONNECTION */;
